t,varpos_5
500.0,2
510.0,2
520.0,2
530.0,2
540.0,2
550.0,2
560.0,2
570.0,2
580.0,2
590.0,2
600.0,2
610.0,2
620.0,2
630.0,2
640.0,2
650.0,2
660.0,2
670.0,2
680.0,2
690.0,2
700.0,2
710.0,2
720.0,2
730.0,2
740.0,2
750.0,2
760.0,2
770.0,2
780.0,2
790.0,2
800.0,2
810.0,2
820.0,2
830.0,2
840.0,2
850.0,2
860.0,2
870.0,2
880.0,2
890.0,2
900.0,2
910.0,2
920.0,2
930.0,2
940.0,2
950.0,2
960.0,2
970.0,2
980.0,2
990.0,2
1000.0,2
1010.0,2
1020.0,2
1030.0,2
1040.0,2
1050.0,2
1060.0,2
1070.0,3
1080.0,3
1090.0,3
1100.0,2
1110.0,2
1120.0,1
1130.0,1
1140.0,1
1150.0,1
1160.0,1
1170.0,1
1180.0,1
1190.0,1
1200.0,1
1210.0,1
1220.0,1
1230.0,1
1240.0,1
1250.0,1
1260.0,1
1270.0,1
1280.0,1
1290.0,1
1300.0,1
1310.0,1
1320.0,1
1330.0,1
1340.0,1
1350.0,1
1360.0,1
1370.0,1
1380.0,1
1390.0,1
1400.0,1
1410.0,1
1420.0,1
1430.0,1
1440.0,1
1450.0,1
1460.0,1
1470.0,1
1480.0,1
1490.0,1
1500.0,1
1510.0,1
1520.0,1
1530.0,1
1540.0,1
1550.0,1
1560.0,1
1570.0,1
1580.0,1
1590.0,1
1600.0,2
1610.0,2
1620.0,2
1630.0,2
1640.0,2
1650.0,2
1660.0,2
1670.0,2
1680.0,2
1690.0,2
1700.0,2
1710.0,1
1720.0,2
1730.0,2
1740.0,2
1750.0,2
1760.0,2
1770.0,3
1780.0,2
1790.0,2
1800.0,2
1810.0,2
1820.0,2
1830.0,2
1840.0,2
1850.0,2
1860.0,2
1870.0,1
1880.0,1
1890.0,1
1900.0,1
1910.0,1
1920.0,1
1930.0,1
1940.0,1
1950.0,1
1960.0,1
1970.0,1
1980.0,1
1990.0,1
2000.0,1
2010.0,1
2020.0,1
2030.0,1
2040.0,1
2050.0,1
2060.0,1
2070.0,1
2080.0,1
2090.0,1
2100.0,1
2110.0,1
2120.0,2
2130.0,2
2140.0,2
2150.0,2
2160.0,2
2170.0,2
2180.0,2
2190.0,2
2200.0,2
2210.0,2
2220.0,3
2230.0,3
2240.0,2
2250.0,2
2260.0,3
2270.0,3
2280.0,3
2290.0,3
2300.0,3
2310.0,3
2320.0,3
2330.0,3
2340.0,3
2350.0,3
2360.0,3
2370.0,3
2380.0,3
2390.0,3
2400.0,3
2410.0,3
2420.0,3
2430.0,3
2440.0,3
2450.0,3
2460.0,3
2470.0,3
2480.0,3
2490.0,3
2500.0,3
2510.0,3
2520.0,3
2530.0,3
2540.0,3
2550.0,3
2560.0,3
2570.0,3
2580.0,3
2590.0,3
2600.0,4
2610.0,4
2620.0,4
2630.0,4
2640.0,3
2650.0,3
2660.0,3
2670.0,3
2680.0,4
2690.0,5
2700.0,5
2710.0,5
2720.0,5
2730.0,5
2740.0,5
2750.0,5
2760.0,5
2770.0,5
2780.0,5
2790.0,5
2800.0,5
2810.0,5
2820.0,5
2830.0,6
2840.0,6
2850.0,6
2860.0,6
2870.0,6
2880.0,6
2890.0,6
2900.0,6
2910.0,5
2920.0,5
2930.0,5
2940.0,5
2950.0,5
2960.0,5
2970.0,5
2980.0,5
2990.0,5
3000.0,5
3010.0,5
3020.0,5
3030.0,5
3040.0,5
3050.0,5
3060.0,5
3070.0,5
3080.0,5
3090.0,5
3100.0,5
3110.0,5
3120.0,5
3130.0,5
3140.0,5
3150.0,5
3160.0,5
3170.0,5
3180.0,5
3190.0,5
3200.0,6
3210.0,6
3220.0,6
3230.0,6
3240.0,7
3250.0,8
3260.0,8
3270.0,8
3280.0,8
3290.0,7
3300.0,6
3310.0,6
3320.0,5
3330.0,5
3340.0,5
3350.0,5
3360.0,5
3370.0,5
3380.0,5
3390.0,5
3400.0,5
3410.0,5
3420.0,5
3430.0,5
3440.0,5
3450.0,5
3460.0,5
3470.0,6
3480.0,7
3490.0,7
3500.0,7
3510.0,7
3520.0,7
3530.0,7
3540.0,7
3550.0,7
3560.0,7
3570.0,7
3580.0,7
3590.0,7
3600.0,7
3610.0,7
3620.0,7
3630.0,7
3640.0,7
3650.0,7
3660.0,7
3670.0,8
3680.0,8
3690.0,8
3700.0,8
3710.0,8
3720.0,8
3730.0,8
3740.0,8
3750.0,8
3760.0,8
3770.0,8
3780.0,8
3790.0,8
3800.0,8
3810.0,8
3820.0,8
3830.0,8
3840.0,8
3850.0,8
3860.0,8
3870.0,8
3880.0,8
3890.0,8
3900.0,8
3910.0,8
3920.0,8
3930.0,8
3940.0,8
3950.0,8
3960.0,8
3970.0,8
3980.0,8
3990.0,8
4000.0,8
4010.0,8
4020.0,8
4030.0,8
4040.0,8
4050.0,8
4060.0,8
4070.0,8
4080.0,8
4090.0,8
4100.0,8
4110.0,8
4120.0,8
4130.0,8
4140.0,8
4150.0,8
4160.0,9
4170.0,9
4180.0,9
4190.0,9
4200.0,10
4210.0,10
4220.0,10
4230.0,10
4240.0,9
4250.0,8
4260.0,8
4270.0,7
4280.0,3
4290.0,3
4300.0,3
4310.0,3
4320.0,3
4330.0,2
4340.0,3
4350.0,3
4360.0,3
4370.0,3
4380.0,3
4390.0,3
4400.0,3
4410.0,7
4420.0,7
4430.0,7
4440.0,8
4450.0,8
4460.0,8
4470.0,4
4480.0,4
4490.0,4
4500.0,8
4510.0,4
4520.0,4
4530.0,4
4540.0,4
4550.0,3
4560.0,2
4570.0,2
4580.0,2
4590.0,2
4600.0,2
4610.0,2
4620.0,2
4630.0,2
4640.0,2
4650.0,2
4660.0,2
4670.0,2
4680.0,2
4690.0,2
4700.0,2
4710.0,2
4720.0,2
4730.0,2
4740.0,2
4750.0,2
4760.0,3
4770.0,3
4780.0,3
4790.0,3
4800.0,3
4810.0,3
4820.0,3
4830.0,3
4840.0,3
4850.0,4
4860.0,4
4870.0,4
4880.0,4
4890.0,4
4900.0,4
4910.0,4
4920.0,5
4930.0,5
4940.0,5
4950.0,5
4960.0,5
4970.0,5
4980.0,5
4990.0,5
5000.0,5
5010.0,12
5020.0,12
5030.0,12
5040.0,13
5050.0,12
5060.0,13
5070.0,13
5080.0,6
5090.0,13
5100.0,13
5110.0,13
5120.0,13
5130.0,13
5140.0,13
5150.0,13
5160.0,13
5170.0,13
5180.0,14
5190.0,7
5200.0,7
5210.0,7
5220.0,7
5230.0,7
5240.0,7
5250.0,7
5260.0,7
5270.0,7
5280.0,7
5290.0,7
5300.0,7
5310.0,14
5320.0,14
5330.0,14
5340.0,14
5350.0,7
5360.0,7
5370.0,7
5380.0,8
5390.0,7
5400.0,7
5410.0,8
5420.0,8
5430.0,8
5440.0,7
5450.0,6
5460.0,6
5470.0,6
5480.0,6
5490.0,6
5500.0,6
5510.0,5
5520.0,4
5530.0,3
5540.0,3
5550.0,3
5560.0,3
5570.0,3
5580.0,3
5590.0,3
5600.0,3
5610.0,4
5620.0,4
5630.0,4
5640.0,4
5650.0,4
5660.0,4
5670.0,3
5680.0,2
5690.0,1
5700.0,1
5710.0,1
5720.0,1
5730.0,1
5740.0,1
5750.0,1
5760.0,1
5770.0,1
5780.0,1
5790.0,1
5800.0,1
5810.0,1
5820.0,2
5830.0,3
5840.0,4
5850.0,4
5860.0,4
5870.0,5
5880.0,5
5890.0,5
5900.0,5
5910.0,4
5920.0,4
5930.0,4
5940.0,4
5950.0,4
5960.0,4
5970.0,4
5980.0,4
5990.0,4
6000.0,4
6010.0,4
6020.0,4
6030.0,4
6040.0,4
6050.0,4
6060.0,4
6070.0,4
6080.0,4
6090.0,4
6100.0,4
6110.0,4
6120.0,4
6130.0,5
6140.0,5
6150.0,5
6160.0,5
6170.0,5
6180.0,5
6190.0,5
6200.0,5
6210.0,5
6220.0,5
6230.0,5
6240.0,5
6250.0,5
6260.0,5
6270.0,5
6280.0,5
6290.0,5
6300.0,5
6310.0,5
6320.0,5
6330.0,5
6340.0,5
6350.0,5
6360.0,5
6370.0,5
6380.0,6
6390.0,6
6400.0,6
6410.0,6
6420.0,6
6430.0,7
6440.0,7
6450.0,7
6460.0,7
6470.0,7
6480.0,7
6490.0,7
6500.0,7
6510.0,7
6520.0,7
6530.0,6
6540.0,6
6550.0,6
6560.0,6
6570.0,6
6580.0,6
6590.0,6
6600.0,6
6610.0,6
6620.0,6
6630.0,6
6640.0,6
6650.0,6
6660.0,6
6670.0,6
6680.0,6
6690.0,6
6700.0,6
6710.0,6
6720.0,6
6730.0,6
6740.0,6
6750.0,8
6760.0,8
6770.0,8
6780.0,8
6790.0,8
6800.0,8
6810.0,8
6820.0,8
6830.0,8
6840.0,8
6850.0,8
6860.0,8
6870.0,8
6880.0,8
6890.0,8
6900.0,8
6910.0,8
6920.0,8
6930.0,8
6940.0,8
6950.0,8
6960.0,8
6970.0,8
6980.0,8
6990.0,8
7000.0,8
7010.0,8
7020.0,8
7030.0,8
7040.0,8
7050.0,8
7060.0,8
7070.0,8
7080.0,8
7090.0,8
7100.0,8
7110.0,8
7120.0,8
7130.0,9
7140.0,9
7150.0,9
7160.0,9
7170.0,9
7180.0,10
7190.0,10
7200.0,10
7210.0,10
7220.0,10
7230.0,10
7240.0,10
7250.0,10
7260.0,8
7270.0,8
7280.0,8
7290.0,8
7300.0,8
7310.0,8
7320.0,8
7330.0,9
7340.0,9
7350.0,8
7360.0,8
7370.0,8
7380.0,7
7390.0,6
7400.0,5
7410.0,5
7420.0,5
7430.0,5
7440.0,5
7450.0,5
7460.0,3
7470.0,3
7480.0,2
7490.0,2
7500.0,2
7510.0,2
7520.0,2
7530.0,2
7540.0,2
7550.0,1
7560.0,1
7570.0,2
7580.0,2
7590.0,2
7600.0,2
7610.0,2
7620.0,2
7630.0,2
7640.0,2
7650.0,3
7660.0,3
7670.0,3
7680.0,3
7690.0,3
7700.0,3
7710.0,3
7720.0,3
7730.0,3
7740.0,3
7750.0,3
7760.0,3
7770.0,3
7780.0,3
7790.0,3
7800.0,2
7810.0,2
7820.0,2
7830.0,2
7840.0,2
7850.0,3
7860.0,3
7870.0,3
7880.0,3
7890.0,3
7900.0,3
7910.0,3
7920.0,3
7930.0,3
7940.0,4
7950.0,4
7960.0,4
7970.0,4
7980.0,4
7990.0,4
8000.0,4
8010.0,4
8020.0,4
8030.0,4
8040.0,4
8050.0,4
8060.0,4
8070.0,4
8080.0,4
8090.0,4
8100.0,4
8110.0,4
8120.0,4
8130.0,4
8140.0,4
8150.0,4
8160.0,4
8170.0,4
8180.0,4
8190.0,4
8200.0,4
8210.0,4
8220.0,5
8230.0,6
8240.0,6
8250.0,6
8260.0,6
8270.0,6
8280.0,6
8290.0,6
8300.0,6
8310.0,6
8320.0,6
8330.0,6
8340.0,6
8350.0,6
8360.0,6
8370.0,6
8380.0,5
8390.0,5
8400.0,5
8410.0,5
8420.0,5
8430.0,5
8440.0,5
8450.0,5
8460.0,5
8470.0,5
8480.0,5
8490.0,5
8500.0,5
8510.0,5
8520.0,5
8530.0,5
8540.0,5
8550.0,5
8560.0,5
8570.0,5
8580.0,5
8590.0,5
8600.0,6
8610.0,6
8620.0,5
8630.0,6
8640.0,5
8650.0,5
8660.0,5
8670.0,5
8680.0,5
8690.0,5
8700.0,5
8710.0,4
8720.0,4
8730.0,4
8740.0,4
8750.0,4
8760.0,4
8770.0,4
8780.0,4
8790.0,4
8800.0,4
8810.0,4
8820.0,3
8830.0,4
8840.0,4
8850.0,4
8860.0,4
8870.0,4
8880.0,4
8890.0,4
8900.0,4
8910.0,4
8920.0,4
8930.0,3
8940.0,3
8950.0,3
8960.0,3
8970.0,3
8980.0,3
8990.0,3
9000.0,3
9010.0,3
9020.0,3
9030.0,3
9040.0,3
9050.0,4
9060.0,4
9070.0,4
9080.0,4
9090.0,4
9100.0,3
9110.0,3
9120.0,2
9130.0,2
9140.0,2
9150.0,2
9160.0,2
9170.0,2
9180.0,2
9190.0,2
9200.0,2
9210.0,2
9220.0,2
9230.0,2
9240.0,2
9250.0,2
9260.0,2
9270.0,2
9280.0,2
9290.0,2
9300.0,2
9310.0,2
9320.0,2
9330.0,2
9340.0,3
9350.0,3
9360.0,3
9370.0,4
9380.0,4
9390.0,4
9400.0,4
9410.0,2
9420.0,2
9430.0,2
9440.0,2
9450.0,2
9460.0,2
9470.0,2
9480.0,2
9490.0,2
9500.0,2
9510.0,2
9520.0,2
9530.0,2
9540.0,2
9550.0,2
9560.0,2
9570.0,2
9580.0,2
9590.0,2
9600.0,2
9610.0,3
9620.0,3
9630.0,3
9640.0,3
9650.0,3
9660.0,3
9670.0,3
9680.0,3
9690.0,3
9700.0,3
9710.0,3
9720.0,3
9730.0,3
9740.0,3
9750.0,3
9760.0,4
9770.0,4
9780.0,4
9790.0,5
9800.0,5
9810.0,5
9820.0,5
9830.0,5
9840.0,5
9850.0,5
9860.0,5
9870.0,5
9880.0,5
9890.0,4
9900.0,4
9910.0,4
9920.0,4
9930.0,4
9940.0,4
9950.0,4
9960.0,4
9970.0,4
9980.0,4
9990.0,5
10000.0,5
10010.0,5
10020.0,5
10030.0,5
10040.0,5
10050.0,5
10060.0,5
10070.0,5
10080.0,4
10090.0,4
10100.0,4
10110.0,4
10120.0,4
10130.0,5
10140.0,5
10150.0,4
10160.0,5
10170.0,5
10180.0,5
10190.0,5
10200.0,4
10210.0,5
10220.0,5
10230.0,6
10240.0,7
10250.0,7
10260.0,7
10270.0,7
10280.0,7
10290.0,7
10300.0,7
10310.0,7
10320.0,7
10330.0,7
10340.0,7
10350.0,7
10360.0,7
10370.0,7
10380.0,7
10390.0,7
10400.0,7
10410.0,7
10420.0,7
10430.0,7
10440.0,7
10450.0,7
10460.0,7
10470.0,7
10480.0,7
10490.0,7
10500.0,7
10510.0,7
10520.0,7
10530.0,7
10540.0,7
10550.0,7
10560.0,7
10570.0,7
10580.0,7
10590.0,7
10600.0,7
10610.0,7
10620.0,7
10630.0,7
10640.0,7
10650.0,7
10660.0,7
10670.0,7
10680.0,7
10690.0,7
10700.0,7
10710.0,7
10720.0,7
10730.0,7
10740.0,7
10750.0,7
10760.0,7
10770.0,7
10780.0,7
10790.0,7
10800.0,7
10810.0,7
10820.0,7
10830.0,7
10840.0,7
10850.0,7
10860.0,7
10870.0,7
10880.0,7
10890.0,7
10900.0,7
10910.0,7
10920.0,8
10930.0,8
10940.0,8
10950.0,8
10960.0,8
10970.0,8
10980.0,8
10990.0,9
11000.0,9
11010.0,9
11020.0,9
11030.0,9
11040.0,10
11050.0,10
11060.0,10
11070.0,10
11080.0,11
11090.0,10
11100.0,10
11110.0,8
11120.0,6
11130.0,4
11140.0,4
11150.0,2
11160.0,2
11170.0,2
11180.0,2
11190.0,2
11200.0,1
11210.0,1
11220.0,1
11230.0,1
11240.0,1
11250.0,2
11260.0,2
11270.0,2
11280.0,2
11290.0,2
11300.0,2
11310.0,2
11320.0,2
11330.0,1
11340.0,1
11350.0,1
11360.0,1
11370.0,1
11380.0,1
11390.0,1
11400.0,1
11410.0,1
11420.0,1
11430.0,2
11440.0,2
11450.0,2
11460.0,2
11470.0,3
11480.0,8
11490.0,8
11500.0,8
11510.0,8
11520.0,8
11530.0,8
11540.0,8
11550.0,8
11560.0,8
11570.0,8
11580.0,8
11590.0,8
11600.0,8
11610.0,8
11620.0,9
11630.0,9
11640.0,9
11650.0,9
11660.0,9
11670.0,9
11680.0,9
11690.0,9
11700.0,9
11710.0,9
11720.0,9
11730.0,10
11740.0,11
11750.0,11
11760.0,11
11770.0,11
11780.0,11
11790.0,11
11800.0,11
11810.0,11
11820.0,11
11830.0,11
11840.0,11
11850.0,11
11860.0,11
11870.0,12
11880.0,12
11890.0,12
11900.0,12
11910.0,12
11920.0,12
11930.0,12
11940.0,12
11950.0,12
11960.0,12
11970.0,12
11980.0,12
11990.0,12
12000.0,12
12010.0,12
12020.0,12
12030.0,12
12040.0,12
12050.0,12
12060.0,12
12070.0,12
12080.0,12
12090.0,12
12100.0,12
12110.0,12
12120.0,12
12130.0,12
12140.0,12
12150.0,12
12160.0,12
12170.0,12
12180.0,13
12190.0,13
12200.0,12
12210.0,13
12220.0,12
12230.0,7
12240.0,7
12250.0,7
12260.0,7
12270.0,7
12280.0,7
12290.0,7
12300.0,7
12310.0,7
12320.0,7
12330.0,8
12340.0,9
12350.0,9
12360.0,9
12370.0,10
12380.0,9
12390.0,9
12400.0,9
12410.0,9
12420.0,9
12430.0,10
12440.0,3
12450.0,3
12460.0,3
12470.0,3
12480.0,3
12490.0,3
12500.0,3
12510.0,3
12520.0,3
12530.0,3
12540.0,3
12550.0,3
12560.0,3
12570.0,3
12580.0,3
12590.0,3
12600.0,3
12610.0,3
12620.0,3
12630.0,3
12640.0,3
12650.0,3
12660.0,3
12670.0,3
12680.0,3
12690.0,3
12700.0,4
12710.0,4
12720.0,4
12730.0,4
12740.0,4
12750.0,4
12760.0,4
12770.0,4
12780.0,4
12790.0,4
12800.0,12
12810.0,12
12820.0,12
12830.0,12
12840.0,12
12850.0,12
12860.0,13
12870.0,13
12880.0,13
12890.0,13
12900.0,13
12910.0,13
12920.0,5
12930.0,5
12940.0,5
12950.0,5
12960.0,5
12970.0,5
12980.0,6
12990.0,6
13000.0,5
13010.0,1
13020.0,1
13030.0,0
13040.0,1
13050.0,1
13060.0,1
13070.0,1
13080.0,1
13090.0,1
13100.0,1
13110.0,1
13120.0,1
13130.0,1
13140.0,1
13150.0,1
13160.0,1
13170.0,1
13180.0,1
13190.0,1
13200.0,1
13210.0,2
13220.0,2
13230.0,2
13240.0,3
13250.0,3
13260.0,3
13270.0,3
13280.0,3
13290.0,4
13300.0,4
13310.0,4
13320.0,4
13330.0,4
13340.0,4
13350.0,4
13360.0,4
13370.0,3
13380.0,3
13390.0,3
13400.0,3
13410.0,3
13420.0,3
13430.0,3
13440.0,3
13450.0,3
13460.0,3
13470.0,3
13480.0,3
13490.0,3
13500.0,3
13510.0,3
13520.0,3
13530.0,3
13540.0,3
13550.0,3
13560.0,3
13570.0,3
13580.0,3
13590.0,3
13600.0,3
13610.0,3
13620.0,3
13630.0,3
13640.0,3
13650.0,3
13660.0,4
13670.0,5
13680.0,5
13690.0,5
13700.0,5
13710.0,5
13720.0,5
13730.0,5
13740.0,5
13750.0,5
13760.0,5
13770.0,5
13780.0,5
13790.0,5
13800.0,5
13810.0,6
13820.0,6
13830.0,6
13840.0,7
13850.0,6
13860.0,6
13870.0,6
13880.0,4
13890.0,2
13900.0,3
13910.0,3
13920.0,3
13930.0,2
13940.0,2
13950.0,2
13960.0,2
13970.0,2
13980.0,2
13990.0,2
14000.0,2
14010.0,2
14020.0,2
14030.0,2
14040.0,2
14050.0,2
14060.0,2
14070.0,2
14080.0,2
14090.0,2
14100.0,2
14110.0,2
14120.0,2
14130.0,2
14140.0,2
14150.0,2
14160.0,2
14170.0,2
14180.0,2
14190.0,2
14200.0,2
14210.0,2
14220.0,3
14230.0,3
14240.0,3
14250.0,3
14260.0,3
14270.0,3
14280.0,4
14290.0,4
14300.0,4
14310.0,4
14320.0,4
14330.0,4
14340.0,4
14350.0,7
14360.0,7
14370.0,7
14380.0,7
14390.0,7
14400.0,8
14410.0,8
14420.0,8
14430.0,8
14440.0,8
14450.0,8
14460.0,8
14470.0,8
14480.0,8
14490.0,8
14500.0,8
14510.0,8
14520.0,8
14530.0,8
14540.0,8
14550.0,8
14560.0,8
14570.0,8
14580.0,8
14590.0,8
14600.0,8
14610.0,8
14620.0,10
14630.0,11
14640.0,11
14650.0,11
14660.0,11
14670.0,11
14680.0,11
14690.0,9
14700.0,9
14710.0,9
14720.0,9
14730.0,9
14740.0,9
14750.0,9
14760.0,9
14770.0,9
14780.0,9
14790.0,9
14800.0,9
14810.0,9
14820.0,9
14830.0,9
14840.0,9
14850.0,9
14860.0,9
14870.0,9
14880.0,9
14890.0,9
14900.0,9
14910.0,9
14920.0,9
14930.0,9
14940.0,9
14950.0,9
14960.0,9
14970.0,9
14980.0,9
14990.0,9
15000.0,9
15010.0,9
15020.0,9
15030.0,11
15040.0,11
15050.0,9
15060.0,9
15070.0,11
15080.0,11
15090.0,11
15100.0,11
15110.0,12
15120.0,12
15130.0,12
15140.0,12
15150.0,12
15160.0,10
15170.0,10
15180.0,10
15190.0,10
15200.0,10
15210.0,10
15220.0,11
15230.0,11
15240.0,11
15250.0,10
15260.0,6
15270.0,6
15280.0,6
15290.0,6
15300.0,6
15310.0,6
15320.0,6
15330.0,6
15340.0,6
15350.0,6
15360.0,6
15370.0,5
15380.0,5
15390.0,5
15400.0,5
15410.0,5
15420.0,5
15430.0,5
15440.0,5
15450.0,6
15460.0,6
15470.0,6
15480.0,5
15490.0,5
15500.0,5
15510.0,6
15520.0,6
15530.0,6
15540.0,7
15550.0,5
15560.0,7
15570.0,5
15580.0,5
15590.0,7
15600.0,7
15610.0,7
15620.0,7
15630.0,7
15640.0,8
15650.0,8
15660.0,8
15670.0,8
15680.0,8
15690.0,6
15700.0,6
15710.0,4
15720.0,5
15730.0,5
15740.0,5
15750.0,5
15760.0,4
15770.0,4
15780.0,3
15790.0,3
15800.0,2
15810.0,3
15820.0,3
15830.0,3
15840.0,3
15850.0,2
15860.0,2
15870.0,3
15880.0,4
15890.0,4
15900.0,3
15910.0,3
15920.0,3
15930.0,3
15940.0,3
15950.0,3
15960.0,3
15970.0,3
15980.0,3
15990.0,3
16000.0,3
16010.0,3
16020.0,3
16030.0,3
16040.0,3
16050.0,3
16060.0,3
16070.0,3
16080.0,3
16090.0,3
16100.0,3
16110.0,3
16120.0,3
16130.0,3
16140.0,3
16150.0,3
16160.0,3
16170.0,3
16180.0,3
16190.0,3
16200.0,4
16210.0,4
16220.0,4
16230.0,4
16240.0,4
16250.0,4
16260.0,5
16270.0,6
16280.0,6
16290.0,5
16300.0,5
16310.0,5
16320.0,5
16330.0,6
16340.0,5
16350.0,5
16360.0,5
16370.0,5
16380.0,5
16390.0,5
16400.0,5
16410.0,5
16420.0,5
16430.0,5
16440.0,5
16450.0,5
16460.0,5
16470.0,5
16480.0,5
16490.0,5
16500.0,5
16510.0,5
16520.0,5
16530.0,5
16540.0,5
16550.0,6
16560.0,6
16570.0,6
16580.0,6
16590.0,6
16600.0,6
16610.0,6
16620.0,6
16630.0,6
16640.0,6
16650.0,6
16660.0,6
16670.0,6
16680.0,6
16690.0,6
16700.0,7
16710.0,7
16720.0,7
16730.0,7
16740.0,7
16750.0,7
16760.0,7
16770.0,7
16780.0,7
16790.0,7
16800.0,7
16810.0,7
16820.0,7
16830.0,7
16840.0,7
16850.0,7
16860.0,8
16870.0,8
16880.0,8
16890.0,8
16900.0,8
16910.0,8
16920.0,8
16930.0,8
16940.0,8
16950.0,8
16960.0,8
16970.0,8
16980.0,8
16990.0,8
17000.0,8
17010.0,8
17020.0,8
17030.0,8
17040.0,8
17050.0,8
17060.0,8
17070.0,8
17080.0,8
17090.0,8
17100.0,8
17110.0,8
17120.0,8
17130.0,8
17140.0,8
17150.0,8
17160.0,8
17170.0,8
17180.0,9
17190.0,9
17200.0,9
17210.0,9
17220.0,9
17230.0,9
17240.0,9
17250.0,9
17260.0,9
17270.0,9
17280.0,9
17290.0,9
17300.0,9
17310.0,9
17320.0,9
17330.0,9
17340.0,9
17350.0,9
17360.0,9
17370.0,9
17380.0,9
17390.0,9
17400.0,9
17410.0,9
17420.0,9
17430.0,9
17440.0,9
17450.0,9
17460.0,9
17470.0,9
17480.0,9
17490.0,9
17500.0,9
17510.0,10
17520.0,10
17530.0,10
17540.0,10
17550.0,10
17560.0,10
17570.0,10
17580.0,10
17590.0,10
17600.0,10
17610.0,10
17620.0,10
17630.0,11
17640.0,10
17650.0,10
17660.0,10
17670.0,10
17680.0,10
17690.0,10
17700.0,10
17710.0,9
17720.0,9
17730.0,9
17740.0,8
17750.0,8
17760.0,9
17770.0,9
17780.0,7
17790.0,7
17800.0,7
17810.0,7
17820.0,7
17830.0,7
17840.0,7
17850.0,8
17860.0,7
17870.0,7
17880.0,8
17890.0,8
17900.0,8
17910.0,8
17920.0,8
17930.0,8
17940.0,8
17950.0,8
17960.0,8
17970.0,8
17980.0,8
17990.0,8
18000.0,8
18010.0,8
18020.0,8
18030.0,8
18040.0,8
18050.0,8
18060.0,8
18070.0,8
18080.0,8
18090.0,8
18100.0,8
18110.0,8
18120.0,8
18130.0,8
18140.0,8
18150.0,8
18160.0,8
18170.0,8
18180.0,8
18190.0,8
18200.0,8
18210.0,8
18220.0,8
18230.0,8
18240.0,8
18250.0,9
18260.0,9
18270.0,9
18280.0,9
18290.0,10
18300.0,10
18310.0,10
18320.0,10
18330.0,10
18340.0,10
18350.0,10
18360.0,10
18370.0,9
18380.0,9
18390.0,9
18400.0,9
18410.0,9
18420.0,9
18430.0,9
18440.0,10
18450.0,10
18460.0,10
18470.0,10
18480.0,10
18490.0,10
18500.0,10
18510.0,11
18520.0,10
18530.0,11
18540.0,8
18550.0,9
18560.0,11
18570.0,11
18580.0,9
18590.0,12
18600.0,9
18610.0,10
18620.0,10
18630.0,10
18640.0,10
18650.0,10
18660.0,10
18670.0,10
18680.0,10
18690.0,10
18700.0,10
18710.0,10
18720.0,10
18730.0,10
18740.0,10
18750.0,10
18760.0,10
18770.0,10
18780.0,10
18790.0,11
18800.0,11
18810.0,11
18820.0,11
18830.0,11
18840.0,11
18850.0,11
18860.0,11
18870.0,11
18880.0,11
18890.0,12
18900.0,12
18910.0,12
18920.0,12
18930.0,12
18940.0,12
18950.0,12
18960.0,12
18970.0,11
18980.0,10
18990.0,9
19000.0,2
19010.0,0
19020.0,0
19030.0,0
19040.0,0
19050.0,0
19060.0,0
19070.0,1
19080.0,1
19090.0,1
19100.0,1
19110.0,1
19120.0,1
19130.0,1
19140.0,1
19150.0,1
19160.0,1
19170.0,1
19180.0,1
19190.0,1
19200.0,1
19210.0,1
19220.0,1
19230.0,1
19240.0,1
19250.0,1
19260.0,1
19270.0,1
19280.0,1
19290.0,1
19300.0,1
19310.0,1
19320.0,1
19330.0,1
19340.0,1
19350.0,1
19360.0,1
19370.0,1
19380.0,1
19390.0,10
19400.0,11
19410.0,11
19420.0,11
19430.0,11
19440.0,11
19450.0,11
19460.0,11
19470.0,11
19480.0,11
19490.0,11
19500.0,11
19510.0,11
19520.0,11
19530.0,11
19540.0,11
19550.0,11
19560.0,11
19570.0,11
19580.0,11
19590.0,11
19600.0,11
19610.0,11
19620.0,11
19630.0,11
19640.0,11
19650.0,11
19660.0,11
19670.0,12
19680.0,12
19690.0,12
19700.0,12
19710.0,12
19720.0,12
19730.0,12
19740.0,12
19750.0,12
19760.0,12
19770.0,12
19780.0,12
19790.0,12
19800.0,12
19810.0,12
19820.0,12
19830.0,12
19840.0,12
19850.0,12
19860.0,12
19870.0,12
19880.0,12
19890.0,12
19900.0,12
19910.0,12
19920.0,12
19930.0,12
19940.0,12
19950.0,12
19960.0,12
19970.0,12
19980.0,12
19990.0,12
20000.0,12
20010.0,12
20020.0,12
20030.0,12
20040.0,12
20050.0,12
20060.0,12
20070.0,12
20080.0,12
20090.0,12
20100.0,12
20110.0,13
20120.0,13
20130.0,13
20140.0,13
20150.0,13
20160.0,13
20170.0,13
20180.0,13
20190.0,13
20200.0,13
20210.0,13
20220.0,13
20230.0,13
20240.0,15
20250.0,15
20260.0,15
20270.0,15
20280.0,15
20290.0,15
20300.0,15
20310.0,14
20320.0,14
20330.0,5
20340.0,5
20350.0,5
20360.0,5
20370.0,5
20380.0,4
20390.0,4
20400.0,4
20410.0,4
20420.0,4
20430.0,4
20440.0,4
20450.0,4
20460.0,4
20470.0,4
20480.0,4
20490.0,4
20500.0,4
20510.0,4
20520.0,4
20530.0,4
20540.0,4
20550.0,4
20560.0,4
20570.0,4
20580.0,5
20590.0,5
20600.0,4
20610.0,3
20620.0,0
20630.0,0
20640.0,0
20650.0,0
20660.0,0
20670.0,0
20680.0,0
20690.0,0
20700.0,1
20710.0,1
20720.0,1
20730.0,1
20740.0,1
20750.0,1
20760.0,1
20770.0,1
20780.0,1
20790.0,1
20800.0,1
20810.0,1
20820.0,1
20830.0,1
20840.0,1
20850.0,1
20860.0,2
20870.0,2
20880.0,2
20890.0,2
20900.0,1
20910.0,1
20920.0,1
20930.0,1
20940.0,1
20950.0,1
20960.0,1
20970.0,1
20980.0,1
20990.0,1
21000.0,1
21010.0,2
21020.0,2
21030.0,2
21040.0,2
21050.0,2
21060.0,2
21070.0,2
21080.0,2
21090.0,2
21100.0,2
21110.0,2
21120.0,2
21130.0,2
21140.0,2
21150.0,2
21160.0,2
21170.0,2
21180.0,2
21190.0,2
21200.0,2
21210.0,2
21220.0,2
21230.0,2
21240.0,2
21250.0,2
21260.0,2
21270.0,2
21280.0,2
21290.0,2
21300.0,2
21310.0,2
21320.0,2
21330.0,2
21340.0,2
21350.0,2
21360.0,2
21370.0,2
21380.0,2
21390.0,2
21400.0,2
21410.0,2
21420.0,2
21430.0,2
21440.0,2
21450.0,2
21460.0,2
21470.0,2
21480.0,2
21490.0,2
21500.0,2
21510.0,2
21520.0,2
21530.0,2
21540.0,2
21550.0,2
21560.0,2
21570.0,2
21580.0,2
21590.0,2
21600.0,2
21610.0,2
21620.0,2
21630.0,3
21640.0,3
21650.0,4
21660.0,4
21670.0,4
21680.0,4
21690.0,4
21700.0,5
21710.0,5
21720.0,5
21730.0,5
21740.0,5
21750.0,4
21760.0,4
21770.0,3
21780.0,3
21790.0,3
21800.0,3
21810.0,3
21820.0,3
21830.0,3
21840.0,3
21850.0,3
21860.0,3
21870.0,3
21880.0,3
21890.0,3
21900.0,3
21910.0,3
21920.0,3
21930.0,3
21940.0,3
21950.0,3
21960.0,3
21970.0,3
21980.0,3
21990.0,4
22000.0,4
22010.0,4
22020.0,4
22030.0,4
22040.0,4
22050.0,4
22060.0,4
22070.0,4
22080.0,4
22090.0,4
22100.0,4
22110.0,4
22120.0,4
22130.0,4
22140.0,4
22150.0,4
22160.0,4
22170.0,4
22180.0,4
22190.0,5
22200.0,5
22210.0,5
22220.0,4
22230.0,4
22240.0,4
22250.0,2
22260.0,2
22270.0,2
22280.0,2
22290.0,1
22300.0,1
22310.0,1
22320.0,1
22330.0,1
22340.0,1
22350.0,2
22360.0,2
22370.0,2
22380.0,2
22390.0,3
22400.0,3
22410.0,3
22420.0,3
22430.0,3
22440.0,3
22450.0,3
22460.0,2
22470.0,3
22480.0,2
22490.0,2
22500.0,2
22510.0,2
22520.0,2
22530.0,3
22540.0,3
22550.0,3
22560.0,3
22570.0,3
22580.0,3
22590.0,3
22600.0,3
22610.0,3
22620.0,2
22630.0,1
22640.0,1
22650.0,1
22660.0,1
22670.0,1
22680.0,1
22690.0,1
22700.0,2
22710.0,2
22720.0,2
22730.0,2
22740.0,2
22750.0,2
22760.0,2
22770.0,2
22780.0,3
22790.0,3
22800.0,3
22810.0,4
22820.0,3
22830.0,2
22840.0,2
22850.0,2
22860.0,1
22870.0,1
22880.0,1
22890.0,1
22900.0,0
22910.0,0
22920.0,1
22930.0,1
22940.0,1
22950.0,1
22960.0,1
22970.0,2
22980.0,2
22990.0,2
23000.0,2
23010.0,2
23020.0,2
23030.0,2
23040.0,2
23050.0,3
23060.0,3
23070.0,3
23080.0,3
23090.0,3
23100.0,3
23110.0,3
23120.0,3
23130.0,3
23140.0,3
23150.0,3
23160.0,3
23170.0,3
23180.0,3
23190.0,3
23200.0,3
23210.0,3
23220.0,3
23230.0,3
23240.0,3
23250.0,3
23260.0,3
23270.0,3
23280.0,3
23290.0,4
23300.0,4
23310.0,4
23320.0,4
23330.0,4
23340.0,4
23350.0,4
23360.0,4
23370.0,4
23380.0,4
23390.0,4
23400.0,4
23410.0,4
23420.0,4
23430.0,4
23440.0,4
23450.0,4
23460.0,4
23470.0,5
23480.0,5
23490.0,5
23500.0,5
23510.0,5
23520.0,6
23530.0,7
23540.0,6
23550.0,6
23560.0,6
23570.0,6
23580.0,6
23590.0,6
23600.0,6
23610.0,6
23620.0,6
23630.0,6
23640.0,6
23650.0,6
23660.0,6
23670.0,6
23680.0,6
23690.0,6
23700.0,6
23710.0,6
23720.0,6
23730.0,6
23740.0,6
23750.0,6
23760.0,5
23770.0,5
23780.0,6
23790.0,7
23800.0,7
23810.0,7
23820.0,7
23830.0,6
23840.0,6
23850.0,6
23860.0,6
23870.0,7
23880.0,6
23890.0,6
23900.0,6
23910.0,6
23920.0,6
23930.0,6
23940.0,7
23950.0,6
23960.0,6
23970.0,6
23980.0,7
23990.0,7
24000.0,7
24010.0,7
24020.0,7
24030.0,7
24040.0,8
24050.0,7
24060.0,7
24070.0,8
24080.0,8
24090.0,8
24100.0,8
24110.0,8
24120.0,8
24130.0,8
24140.0,8
24150.0,8
24160.0,8
24170.0,8
24180.0,8
24190.0,8
24200.0,8
24210.0,8
24220.0,8
24230.0,8
24240.0,8
24250.0,8
24260.0,8
24270.0,9
24280.0,9
24290.0,9
24300.0,9
24310.0,9
24320.0,9
24330.0,9
24340.0,8
24350.0,8
24360.0,8
24370.0,8
24380.0,8
24390.0,8
24400.0,8
24410.0,9
24420.0,8
24430.0,8
24440.0,8
24450.0,8
24460.0,8
24470.0,8
24480.0,8
24490.0,7
24500.0,7
24510.0,5
24520.0,5
24530.0,5
24540.0,6
24550.0,6
24560.0,6
24570.0,7
24580.0,7
24590.0,4
24600.0,7
24610.0,7
24620.0,7
24630.0,4
24640.0,4
24650.0,4
24660.0,4
24670.0,4
24680.0,4
24690.0,4
24700.0,4
24710.0,4
24720.0,4
24730.0,3
24740.0,3
24750.0,3
24760.0,3
24770.0,3
24780.0,3
24790.0,3
24800.0,3
24810.0,3
24820.0,3
24830.0,3
24840.0,3
24850.0,3
24860.0,3
24870.0,3
24880.0,3
24890.0,3
24900.0,3
24910.0,3
24920.0,3
24930.0,3
24940.0,3
24950.0,3
24960.0,3
24970.0,4
24980.0,4
24990.0,4
25000.0,4
25010.0,4
25020.0,4
25030.0,4
25040.0,4
25050.0,4
25060.0,4
25070.0,2
25080.0,2
25090.0,2
25100.0,2
25110.0,1
25120.0,1
25130.0,1
25140.0,1
25150.0,1
25160.0,1
25170.0,1
25180.0,1
25190.0,1
25200.0,1
25210.0,1
25220.0,1
25230.0,1
25240.0,1
25250.0,1
25260.0,2
25270.0,2
25280.0,2
25290.0,2
25300.0,2
25310.0,2
25320.0,2
25330.0,2
25340.0,2
25350.0,2
25360.0,2
25370.0,2
25380.0,2
25390.0,2
25400.0,2
25410.0,2
25420.0,2
25430.0,3
25440.0,3
25450.0,3
25460.0,3
25470.0,3
25480.0,3
25490.0,4
25500.0,4
25510.0,4
25520.0,4
25530.0,4
25540.0,4
25550.0,4
25560.0,4
25570.0,4
25580.0,4
25590.0,4
25600.0,4
25610.0,4
25620.0,4
25630.0,4
25640.0,4
25650.0,4
25660.0,4
25670.0,4
25680.0,4
25690.0,4
25700.0,4
25710.0,4
25720.0,4
25730.0,4
25740.0,4
25750.0,4
25760.0,4
25770.0,4
25780.0,4
25790.0,4
25800.0,4
25810.0,4
25820.0,4
25830.0,4
25840.0,4
25850.0,4
25860.0,4
25870.0,4
25880.0,4
25890.0,4
25900.0,4
25910.0,4
25920.0,4
25930.0,5
25940.0,5
25950.0,5
25960.0,5
25970.0,5
25980.0,5
25990.0,5
26000.0,5
26010.0,5
26020.0,5
26030.0,5
26040.0,6
26050.0,6
26060.0,6
26070.0,5
26080.0,6
26090.0,6
26100.0,6
26110.0,7
26120.0,7
26130.0,7
26140.0,7
26150.0,7
26160.0,7
26170.0,7
26180.0,7
26190.0,7
26200.0,6
26210.0,4
26220.0,4
26230.0,4
26240.0,4
26250.0,4
26260.0,4
26270.0,4
26280.0,4
26290.0,4
26300.0,4
26310.0,4
26320.0,5
26330.0,5
26340.0,5
26350.0,5
26360.0,5
26370.0,5
26380.0,4
26390.0,5
26400.0,4
26410.0,3
26420.0,3
26430.0,2
26440.0,2
26450.0,2
26460.0,2
26470.0,2
26480.0,2
26490.0,3
26500.0,3
26510.0,3
26520.0,3
26530.0,2
26540.0,2
26550.0,2
26560.0,2
26570.0,2
26580.0,2
26590.0,2
26600.0,2
26610.0,2
26620.0,3
26630.0,3
26640.0,3
26650.0,3
26660.0,2
26670.0,2
26680.0,2
26690.0,2
26700.0,2
26710.0,2
26720.0,2
26730.0,2
26740.0,2
26750.0,2
26760.0,2
26770.0,2
26780.0,2
26790.0,2
26800.0,2
26810.0,2
26820.0,2
26830.0,2
26840.0,2
26850.0,2
26860.0,2
26870.0,2
26880.0,2
26890.0,2
26900.0,2
26910.0,2
26920.0,2
26930.0,2
26940.0,2
26950.0,2
26960.0,2
26970.0,2
26980.0,2
26990.0,2
27000.0,2
27010.0,2
27020.0,2
27030.0,3
27040.0,3
27050.0,3
27060.0,3
27070.0,3
27080.0,3
27090.0,3
27100.0,3
27110.0,3
27120.0,3
27130.0,3
27140.0,3
27150.0,3
27160.0,3
27170.0,3
27180.0,3
27190.0,3
27200.0,3
27210.0,3
27220.0,3
27230.0,3
27240.0,3
27250.0,3
27260.0,3
27270.0,3
27280.0,3
27290.0,3
27300.0,3
27310.0,3
27320.0,3
27330.0,3
27340.0,3
27350.0,4
27360.0,4
27370.0,4
27380.0,4
27390.0,4
27400.0,4
27410.0,4
27420.0,4
27430.0,4
27440.0,4
27450.0,4
27460.0,4
27470.0,4
27480.0,4
27490.0,5
27500.0,5
27510.0,5
27520.0,5
27530.0,5
27540.0,5
27550.0,5
27560.0,5
27570.0,5
27580.0,5
27590.0,5
27600.0,5
27610.0,9
27620.0,9
27630.0,5
27640.0,5
27650.0,5
27660.0,5
27670.0,9
27680.0,9
27690.0,9
27700.0,9
27710.0,9
27720.0,9
27730.0,9
27740.0,9
27750.0,9
27760.0,9
27770.0,9
27780.0,9
27790.0,9
27800.0,9
27810.0,5
27820.0,6
27830.0,10
27840.0,10
27850.0,10
27860.0,10
27870.0,10
27880.0,10
27890.0,10
27900.0,10
27910.0,10
27920.0,10
27930.0,10
27940.0,10
27950.0,10
27960.0,10
27970.0,9
27980.0,10
27990.0,10
28000.0,10
28010.0,10
28020.0,10
28030.0,10
28040.0,10
28050.0,10
28060.0,10
28070.0,10
28080.0,10
28090.0,10
28100.0,10
28110.0,10
28120.0,10
28130.0,10
28140.0,10
28150.0,9
28160.0,9
28170.0,9
28180.0,9
28190.0,9
28200.0,9
28210.0,9
28220.0,9
28230.0,9
28240.0,10
28250.0,10
28260.0,10
28270.0,10
28280.0,10
28290.0,10
28300.0,9
28310.0,9
28320.0,9
28330.0,8
28340.0,2
28350.0,2
28360.0,1
28370.0,1
28380.0,1
28390.0,0
28400.0,0
28410.0,1
28420.0,0
28430.0,0
28440.0,0
28450.0,0
28460.0,0
28470.0,0
28480.0,0
28490.0,0
28500.0,0
28510.0,0
28520.0,0
28530.0,0
28540.0,0
28550.0,0
28560.0,0
28570.0,0
28580.0,0
28590.0,0
28600.0,0
28610.0,0
28620.0,0
28630.0,0
28640.0,0
28650.0,0
28660.0,0
28670.0,0
28680.0,0
28690.0,0
28700.0,0
28710.0,0
28720.0,0
28730.0,0
28740.0,0
28750.0,0
28760.0,0
28770.0,0
28780.0,0
28790.0,0
28800.0,0
28810.0,0
28820.0,0
28830.0,0
28840.0,0
28850.0,0
28860.0,0
28870.0,0
28880.0,0
28890.0,0
28900.0,0
28910.0,0
28920.0,0
28930.0,0
28940.0,1
28950.0,1
28960.0,1
28970.0,1
28980.0,1
28990.0,1
29000.0,1
29010.0,1
29020.0,1
29030.0,1
29040.0,1
29050.0,1
29060.0,1
29070.0,1
29080.0,1
29090.0,1
29100.0,1
29110.0,1
29120.0,1
29130.0,1
29140.0,1
29150.0,1
29160.0,1
29170.0,1
29180.0,1
29190.0,1
29200.0,1
29210.0,1
29220.0,1
29230.0,1
29240.0,1
29250.0,1
29260.0,1
29270.0,1
29280.0,1
29290.0,1
29300.0,1
29310.0,1
29320.0,1
29330.0,1
29340.0,2
29350.0,2
29360.0,2
29370.0,2
29380.0,2
29390.0,2
29400.0,2
29410.0,2
29420.0,2
29430.0,2
29440.0,2
29450.0,2
29460.0,3
29470.0,3
29480.0,3
29490.0,3
29500.0,3
29510.0,3
29520.0,4
29530.0,5
29540.0,5
29550.0,5
29560.0,5
29570.0,5
29580.0,5
29590.0,5
29600.0,5
29610.0,5
29620.0,5
29630.0,5
29640.0,5
29650.0,5
29660.0,5
29670.0,5
29680.0,5
29690.0,5
29700.0,5
29710.0,5
29720.0,5
29730.0,5
29740.0,5
29750.0,5
29760.0,5
29770.0,6
29780.0,6
29790.0,6
29800.0,6
29810.0,5
29820.0,4
29830.0,4
29840.0,4
29850.0,4
29860.0,4
29870.0,4
29880.0,4
29890.0,4
29900.0,4
29910.0,4
29920.0,4
29930.0,3
29940.0,4
29950.0,4
29960.0,4
29970.0,5
29980.0,5
29990.0,5
30000.0,5
30010.0,5
30020.0,5
30030.0,5
30040.0,5
30050.0,5
30060.0,5
30070.0,5
30080.0,5
30090.0,5
30100.0,4
30110.0,4
30120.0,4
30130.0,5
30140.0,5
30150.0,5
30160.0,5
30170.0,6
30180.0,6
30190.0,6
30200.0,7
30210.0,7
30220.0,7
30230.0,7
30240.0,7
30250.0,7
30260.0,7
30270.0,7
30280.0,7
30290.0,7
30300.0,7
30310.0,7
30320.0,8
30330.0,8
30340.0,8
30350.0,7
30360.0,7
30370.0,7
30380.0,7
30390.0,7
30400.0,7
30410.0,7
30420.0,7
30430.0,7
30440.0,7
30450.0,7
30460.0,6
30470.0,6
30480.0,7
30490.0,6
30500.0,6
30510.0,6
30520.0,6
30530.0,6
30540.0,7
30550.0,7
30560.0,7
30570.0,7
30580.0,7
30590.0,7
30600.0,7
30610.0,7
30620.0,7
30630.0,7
30640.0,7
30650.0,7
30660.0,7
30670.0,7
30680.0,7
30690.0,8
30700.0,8
30710.0,8
30720.0,7
30730.0,6
30740.0,6
30750.0,2
30760.0,1
30770.0,1
30780.0,1
30790.0,1
30800.0,1
30810.0,2
30820.0,2
30830.0,2
30840.0,2
30850.0,2
30860.0,2
30870.0,1
30880.0,1
30890.0,1
30900.0,1
30910.0,1
30920.0,1
30930.0,1
30940.0,1
30950.0,1
30960.0,1
30970.0,1
30980.0,1
30990.0,1
31000.0,1
31010.0,1
31020.0,1
31030.0,1
31040.0,1
31050.0,1
31060.0,1
31070.0,1
31080.0,1
31090.0,1
31100.0,1
31110.0,1
31120.0,1
31130.0,1
31140.0,1
31150.0,1
31160.0,1
31170.0,2
31180.0,2
31190.0,2
31200.0,2
31210.0,2
31220.0,2
31230.0,2
31240.0,2
31250.0,2
31260.0,2
31270.0,2
31280.0,2
31290.0,2
31300.0,2
31310.0,2
31320.0,2
31330.0,2
31340.0,2
31350.0,2
31360.0,2
31370.0,2
31380.0,3
31390.0,3
31400.0,3
31410.0,4
31420.0,4
31430.0,4
31440.0,4
31450.0,4
31460.0,4
31470.0,4
31480.0,4
31490.0,4
31500.0,4
31510.0,4
31520.0,4
31530.0,4
31540.0,4
31550.0,4
31560.0,4
31570.0,4
31580.0,5
31590.0,5
31600.0,5
31610.0,5
31620.0,5
31630.0,5
31640.0,5
31650.0,5
31660.0,5
31670.0,5
31680.0,5
31690.0,5
31700.0,5
31710.0,5
31720.0,5
31730.0,5
31740.0,5
31750.0,5
31760.0,6
31770.0,6
31780.0,6
31790.0,6
31800.0,6
31810.0,6
31820.0,6
31830.0,6
31840.0,6
31850.0,6
31860.0,7
31870.0,4
31880.0,3
31890.0,2
31900.0,2
31910.0,2
31920.0,1
31930.0,1
31940.0,1
31950.0,1
31960.0,1
31970.0,1
31980.0,1
31990.0,1
32000.0,3
32010.0,3
32020.0,3
32030.0,3
32040.0,3
32050.0,3
32060.0,4
32070.0,4
32080.0,4
32090.0,4
32100.0,4
32110.0,4
32120.0,4
32130.0,4
32140.0,4
32150.0,4
32160.0,4
32170.0,4
32180.0,4
32190.0,4
32200.0,4
32210.0,4
32220.0,4
32230.0,4
32240.0,4
32250.0,5
32260.0,5
32270.0,5
32280.0,5
32290.0,5
32300.0,6
32310.0,6
32320.0,6
32330.0,6
32340.0,6
32350.0,6
32360.0,7
32370.0,3
32380.0,2
32390.0,1
32400.0,1
32410.0,1
32420.0,1
32430.0,2
32440.0,1
32450.0,1
32460.0,1
32470.0,1
32480.0,1
32490.0,1
32500.0,1
32510.0,1
32520.0,1
32530.0,1
32540.0,1
32550.0,1
32560.0,1
32570.0,1
32580.0,1
32590.0,1
32600.0,1
32610.0,1
32620.0,1
32630.0,1
32640.0,1
32650.0,2
32660.0,2
32670.0,8
32680.0,8
32690.0,8
32700.0,8
32710.0,8
32720.0,8
32730.0,8
32740.0,8
32750.0,8
32760.0,8
32770.0,8
32780.0,8
32790.0,8
32800.0,8
32810.0,8
32820.0,8
32830.0,8
32840.0,8
32850.0,8
32860.0,8
32870.0,8
32880.0,8
32890.0,8
32900.0,8
32910.0,8
32920.0,9
32930.0,9
32940.0,9
32950.0,9
32960.0,9
32970.0,9
32980.0,9
32990.0,9
33000.0,9
33010.0,9
33020.0,9
33030.0,9
33040.0,9
33050.0,9
33060.0,9
33070.0,9
33080.0,10
33090.0,10
33100.0,10
33110.0,10
33120.0,10
33130.0,10
33140.0,10
33150.0,10
33160.0,10
33170.0,10
33180.0,10
33190.0,10
33200.0,10
33210.0,10
33220.0,11
33230.0,11
33240.0,3
33250.0,3
33260.0,3
33270.0,1
33280.0,0
33290.0,0
33300.0,0
33310.0,0
33320.0,0
33330.0,0
33340.0,0
33350.0,0
33360.0,0
33370.0,0
33380.0,0
33390.0,0
33400.0,0
33410.0,0
33420.0,3
33430.0,3
33440.0,3
33450.0,3
33460.0,3
33470.0,3
33480.0,3
33490.0,3
33500.0,3
33510.0,3
33520.0,3
33530.0,3
33540.0,3
33550.0,3
33560.0,3
33570.0,3
33580.0,3
33590.0,4
33600.0,4
33610.0,4
33620.0,4
33630.0,4
33640.0,5
33650.0,5
33660.0,5
33670.0,5
33680.0,5
33690.0,5
33700.0,5
33710.0,5
33720.0,5
33730.0,2
33740.0,2
33750.0,2
33760.0,3
33770.0,3
33780.0,3
33790.0,3
33800.0,4
33810.0,3
33820.0,3
33830.0,3
33840.0,1
33850.0,1
33860.0,1
33870.0,2
33880.0,2
33890.0,3
33900.0,3
33910.0,3
33920.0,3
33930.0,3
33940.0,3
33950.0,3
33960.0,3
33970.0,3
33980.0,3
33990.0,3
34000.0,3
34010.0,3
34020.0,3
34030.0,3
34040.0,3
34050.0,3
34060.0,4
34070.0,4
34080.0,4
34090.0,4
34100.0,4
34110.0,4
34120.0,4
34130.0,4
34140.0,4
34150.0,4
34160.0,4
34170.0,4
34180.0,4
34190.0,4
34200.0,4
34210.0,4
34220.0,4
34230.0,4
34240.0,5
34250.0,5
34260.0,5
34270.0,5
34280.0,4
34290.0,3
34300.0,3
34310.0,3
34320.0,3
34330.0,2
34340.0,2
34350.0,2
34360.0,2
34370.0,3
34380.0,2
34390.0,1
34400.0,1
34410.0,1
34420.0,1
34430.0,1
34440.0,1
34450.0,1
34460.0,1
34470.0,1
34480.0,1
34490.0,1
34500.0,1
34510.0,1
34520.0,1
34530.0,1
34540.0,1
34550.0,1
34560.0,1
34570.0,1
34580.0,1
34590.0,1
34600.0,1
34610.0,1
34620.0,1
34630.0,2
34640.0,2
34650.0,2
34660.0,2
34670.0,1
34680.0,1
34690.0,2
34700.0,2
34710.0,2
34720.0,1
34730.0,1
34740.0,1
34750.0,1
34760.0,1
34770.0,1
34780.0,2
34790.0,2
34800.0,2
34810.0,2
34820.0,2
34830.0,2
34840.0,3
34850.0,3
34860.0,3
34870.0,3
34880.0,3
34890.0,3
34900.0,3
34910.0,2
34920.0,2
34930.0,2
34940.0,2
34950.0,2
34960.0,2
34970.0,2
34980.0,2
34990.0,2
35000.0,2
35010.0,2
35020.0,3
35030.0,3
35040.0,3
35050.0,3
35060.0,3
35070.0,3
35080.0,3
35090.0,3
35100.0,4
35110.0,4
35120.0,4
35130.0,4
35140.0,4
35150.0,4
35160.0,4
35170.0,4
35180.0,4
35190.0,4
35200.0,4
35210.0,4
35220.0,4
35230.0,4
35240.0,4
35250.0,4
35260.0,4
35270.0,4
35280.0,4
35290.0,4
35300.0,4
35310.0,4
35320.0,4
35330.0,5
35340.0,5
35350.0,5
35360.0,5
35370.0,5
35380.0,5
35390.0,5
35400.0,5
35410.0,5
35420.0,5
35430.0,5
35440.0,5
35450.0,5
35460.0,5
35470.0,5
35480.0,5
35490.0,5
35500.0,5
35510.0,5
35520.0,5
35530.0,5
35540.0,5
35550.0,5
35560.0,5
35570.0,5
35580.0,5
35590.0,6
35600.0,6
35610.0,6
35620.0,6
35630.0,6
35640.0,6
35650.0,6
35660.0,6
35670.0,6
35680.0,6
35690.0,6
35700.0,6
35710.0,6
35720.0,6
35730.0,7
35740.0,7
35750.0,7
35760.0,7
35770.0,7
35780.0,7
35790.0,7
35800.0,8
35810.0,8
35820.0,6
35830.0,5
35840.0,4
35850.0,4
35860.0,4
35870.0,4
35880.0,4
35890.0,3
35900.0,3
35910.0,3
35920.0,3
35930.0,3
35940.0,3
35950.0,3
35960.0,3
35970.0,3
35980.0,3
35990.0,2
36000.0,2
36010.0,2
36020.0,2
36030.0,2
36040.0,2
36050.0,2
36060.0,2
36070.0,2
36080.0,2
36090.0,2
36100.0,2
36110.0,3
36120.0,3
36130.0,3
36140.0,3
36150.0,3
36160.0,3
36170.0,3
36180.0,4
36190.0,4
36200.0,3
36210.0,3
36220.0,5
36230.0,5
36240.0,5
36250.0,5
36260.0,4
36270.0,4
36280.0,4
36290.0,3
36300.0,3
36310.0,3
36320.0,3
36330.0,3
36340.0,3
36350.0,3
36360.0,3
36370.0,3
36380.0,3
36390.0,3
36400.0,3
36410.0,3
36420.0,3
36430.0,3
36440.0,3
36450.0,4
36460.0,4
36470.0,4
36480.0,4
36490.0,4
36500.0,4
36510.0,5
36520.0,5
36530.0,5
36540.0,5
36550.0,5
36560.0,5
36570.0,5
36580.0,5
36590.0,5
36600.0,5
36610.0,6
36620.0,6
36630.0,6
36640.0,6
36650.0,6
36660.0,5
36670.0,5
36680.0,4
36690.0,4
36700.0,4
36710.0,4
36720.0,4
36730.0,4
36740.0,4
36750.0,4
36760.0,4
36770.0,4
36780.0,4
36790.0,4
36800.0,4
36810.0,4
36820.0,4
36830.0,4
36840.0,4
36850.0,4
36860.0,4
36870.0,4
36880.0,4
36890.0,4
36900.0,5
36910.0,5
36920.0,5
36930.0,5
36940.0,5
36950.0,5
36960.0,5
36970.0,5
36980.0,5
36990.0,6
37000.0,7
37010.0,7
37020.0,7
37030.0,7
37040.0,8
37050.0,8
37060.0,7
37070.0,7
37080.0,6
37090.0,6
37100.0,6
37110.0,6
37120.0,6
37130.0,7
37140.0,7
37150.0,7
37160.0,7
37170.0,8
37180.0,9
37190.0,9
37200.0,9
37210.0,9
37220.0,9
37230.0,9
37240.0,10
37250.0,10
37260.0,10
37270.0,10
37280.0,10
37290.0,10
37300.0,10
37310.0,10
37320.0,10
37330.0,10
37340.0,10
37350.0,10
37360.0,10
37370.0,10
37380.0,10
37390.0,10
37400.0,10
37410.0,10
37420.0,10
37430.0,10
37440.0,11
37450.0,11
37460.0,11
37470.0,11
37480.0,11
37490.0,11
37500.0,11
37510.0,11
37520.0,11
37530.0,11
37540.0,11
37550.0,11
37560.0,11
37570.0,11
37580.0,11
37590.0,11
37600.0,11
37610.0,11
37620.0,11
37630.0,11
37640.0,11
37650.0,11
37660.0,11
37670.0,11
37680.0,11
37690.0,11
37700.0,11
37710.0,11
37720.0,11
37730.0,11
37740.0,11
37750.0,11
37760.0,11
37770.0,11
37780.0,11
37790.0,11
37800.0,11
37810.0,11
37820.0,12
37830.0,12
37840.0,12
37850.0,12
37860.0,12
37870.0,12
37880.0,12
37890.0,12
37900.0,12
37910.0,12
37920.0,12
37930.0,12
37940.0,12
37950.0,12
37960.0,12
37970.0,12
37980.0,12
37990.0,12
38000.0,12
38010.0,12
38020.0,12
38030.0,5
38040.0,12
38050.0,5
38060.0,12
38070.0,12
38080.0,12
38090.0,12
38100.0,12
38110.0,12
38120.0,12
38130.0,5
38140.0,5
38150.0,12
38160.0,12
38170.0,12
38180.0,5
38190.0,5
38200.0,12
38210.0,5
38220.0,5
38230.0,12
38240.0,12
38250.0,12
38260.0,5
38270.0,12
38280.0,12
38290.0,12
38300.0,12
38310.0,12
38320.0,12
38330.0,5
38340.0,5
38350.0,5
38360.0,5
38370.0,5
38380.0,5
38390.0,5
38400.0,5
38410.0,5
38420.0,5
38430.0,6
38440.0,6
38450.0,6
38460.0,6
38470.0,6
38480.0,6
38490.0,6
38500.0,6
38510.0,6
38520.0,6
38530.0,6
38540.0,6
38550.0,6
38560.0,6
38570.0,6
38580.0,6
38590.0,6
38600.0,6
38610.0,6
38620.0,6
38630.0,6
38640.0,6
38650.0,7
38660.0,7
38670.0,7
38680.0,7
38690.0,7
38700.0,7
38710.0,7
38720.0,7
38730.0,7
38740.0,7
38750.0,7
38760.0,7
38770.0,7
38780.0,7
38790.0,7
38800.0,7
38810.0,7
38820.0,7
38830.0,7
38840.0,7
38850.0,7
38860.0,7
38870.0,7
38880.0,7
38890.0,7
38900.0,7
38910.0,7
38920.0,7
38930.0,8
38940.0,8
38950.0,8
38960.0,8
38970.0,7
38980.0,7
38990.0,8
39000.0,7
39010.0,7
39020.0,7
39030.0,7
39040.0,7
39050.0,7
39060.0,7
39070.0,7
39080.0,7
39090.0,7
39100.0,7
39110.0,8
39120.0,8
39130.0,8
39140.0,8
39150.0,8
39160.0,8
39170.0,9
39180.0,9
39190.0,9
39200.0,9
39210.0,7
39220.0,5
39230.0,5
39240.0,5
39250.0,4
39260.0,4
39270.0,4
39280.0,4
39290.0,4
39300.0,4
39310.0,4
39320.0,4
39330.0,4
39340.0,3
39350.0,3
39360.0,3
39370.0,3
39380.0,3
39390.0,3
39400.0,3
39410.0,3
39420.0,4
39430.0,4
39440.0,4
39450.0,4
39460.0,4
39470.0,4
39480.0,4
39490.0,4
39500.0,4
39510.0,4
39520.0,4
39530.0,4
39540.0,4
39550.0,4
39560.0,4
39570.0,5
39580.0,5
39590.0,5
39600.0,5
39610.0,5
39620.0,5
39630.0,5
39640.0,5
39650.0,5
39660.0,5
39670.0,5
39680.0,5
39690.0,5
39700.0,5
39710.0,5
39720.0,5
39730.0,5
39740.0,5
39750.0,5
39760.0,5
39770.0,5
39780.0,4
39790.0,4
39800.0,4
39810.0,4
39820.0,4
39830.0,3
39840.0,3
39850.0,3
39860.0,3
39870.0,3
39880.0,4
39890.0,4
39900.0,5
39910.0,4
39920.0,4
39930.0,4
39940.0,4
39950.0,4
39960.0,4
39970.0,4
39980.0,4
39990.0,4
40000.0,4
40010.0,4
40020.0,4
40030.0,4
40040.0,4
40050.0,4
40060.0,4
40070.0,4
40080.0,4
40090.0,4
40100.0,4
40110.0,4
40120.0,4
40130.0,4
40140.0,4
40150.0,4
40160.0,4
40170.0,4
40180.0,4
40190.0,4
40200.0,4
40210.0,4
40220.0,4
40230.0,5
40240.0,5
40250.0,5
40260.0,5
40270.0,5
40280.0,5
40290.0,5
40300.0,5
40310.0,6
40320.0,6
40330.0,6
40340.0,7
40350.0,7
40360.0,7
40370.0,7
40380.0,7
40390.0,7
40400.0,7
40410.0,6
40420.0,3
40430.0,3
40440.0,3
40450.0,3
40460.0,3
40470.0,3
40480.0,3
40490.0,3
40500.0,3
40510.0,3
40520.0,3
40530.0,3
40540.0,3
40550.0,3
40560.0,3
40570.0,3
40580.0,3
40590.0,3
40600.0,3
40610.0,3
40620.0,3
40630.0,3
40640.0,3
40650.0,3
40660.0,3
40670.0,3
40680.0,3
40690.0,3
40700.0,3
40710.0,4
40720.0,4
40730.0,4
40740.0,4
40750.0,4
40760.0,4
40770.0,4
40780.0,4
40790.0,4
40800.0,5
40810.0,5
40820.0,5
40830.0,5
40840.0,5
40850.0,5
40860.0,5
40870.0,4
40880.0,4
40890.0,4
40900.0,3
40910.0,3
40920.0,3
40930.0,2
40940.0,2
40950.0,2
40960.0,3
40970.0,3
40980.0,4
40990.0,4
41000.0,2
41010.0,2
41020.0,1
41030.0,1
41040.0,0
41050.0,0
41060.0,0
41070.0,0
41080.0,0
41090.0,0
41100.0,0
41110.0,0
41120.0,1
41130.0,1
41140.0,1
41150.0,1
41160.0,1
41170.0,1
41180.0,1
41190.0,1
41200.0,1
41210.0,1
41220.0,1
41230.0,1
41240.0,1
41250.0,1
41260.0,1
41270.0,1
41280.0,1
41290.0,1
41300.0,1
41310.0,4
41320.0,4
41330.0,4
41340.0,4
41350.0,4
41360.0,4
41370.0,4
41380.0,4
41390.0,4
41400.0,4
41410.0,4
41420.0,4
41430.0,4
41440.0,4
41450.0,4
41460.0,4
41470.0,4
41480.0,4
41490.0,4
41500.0,4
41510.0,4
41520.0,4
41530.0,4
41540.0,4
41550.0,4
41560.0,4
41570.0,4
41580.0,4
41590.0,4
41600.0,4
41610.0,4
41620.0,4
41630.0,4
41640.0,4
41650.0,4
41660.0,4
41670.0,4
41680.0,4
41690.0,5
41700.0,5
41710.0,5
41720.0,4
41730.0,0
41740.0,0
41750.0,0
41760.0,0
41770.0,0
41780.0,0
41790.0,0
41800.0,0
41810.0,0
41820.0,0
41830.0,0
41840.0,0
41850.0,0
41860.0,0
41870.0,0
41880.0,0
41890.0,0
41900.0,5
41910.0,5
41920.0,5
41930.0,5
41940.0,5
41950.0,5
41960.0,5
41970.0,5
41980.0,5
41990.0,5
42000.0,5
42010.0,5
42020.0,5
42030.0,5
42040.0,5
42050.0,5
42060.0,5
42070.0,5
42080.0,5
42090.0,5
42100.0,5
42110.0,5
42120.0,5
42130.0,5
42140.0,5
42150.0,5
42160.0,5
42170.0,5
42180.0,5
42190.0,5
42200.0,5
42210.0,6
42220.0,6
42230.0,6
42240.0,6
42250.0,6
42260.0,6
42270.0,6
42280.0,6
42290.0,6
42300.0,6
42310.0,6
42320.0,6
42330.0,6
42340.0,6
42350.0,6
42360.0,6
42370.0,6
42380.0,6
42390.0,6
42400.0,6
42410.0,6
42420.0,6
42430.0,6
42440.0,6
42450.0,6
42460.0,7
42470.0,6
42480.0,6
42490.0,6
42500.0,6
42510.0,7
42520.0,7
42530.0,8
42540.0,8
42550.0,8
42560.0,8
42570.0,8
42580.0,8
42590.0,9
42600.0,9
42610.0,9
42620.0,9
42630.0,9
42640.0,9
42650.0,9
42660.0,4
42670.0,4
42680.0,5
42690.0,4
42700.0,3
42710.0,4
42720.0,4
42730.0,4
42740.0,5
42750.0,6
42760.0,6
42770.0,11
42780.0,12
42790.0,12
42800.0,12
42810.0,12
42820.0,12
42830.0,12
42840.0,12
42850.0,12
42860.0,13
42870.0,13
42880.0,13
42890.0,13
42900.0,13
42910.0,13
42920.0,13
42930.0,13
42940.0,13
42950.0,13
42960.0,13
42970.0,13
42980.0,13
42990.0,13
43000.0,13
43010.0,13
43020.0,13
43030.0,13
43040.0,13
43050.0,13
43060.0,13
43070.0,13
43080.0,13
43090.0,13
43100.0,13
43110.0,13
43120.0,13
43130.0,13
43140.0,13
43150.0,13
43160.0,13
43170.0,13
43180.0,13
43190.0,13
43200.0,13
43210.0,13
43220.0,13
43230.0,13
43240.0,13
43250.0,13
43260.0,13
43270.0,13
43280.0,13
43290.0,13
43300.0,12
43310.0,12
43320.0,13
43330.0,13
43340.0,13
43350.0,13
43360.0,13
43370.0,13
43380.0,12
43390.0,12
43400.0,12
43410.0,12
43420.0,12
43430.0,12
43440.0,12
43450.0,12
43460.0,12
43470.0,12
43480.0,12
43490.0,12
43500.0,13
43510.0,14
43520.0,13
43530.0,13
43540.0,12
43550.0,12
43560.0,13
43570.0,13
43580.0,13
43590.0,13
43600.0,13
43610.0,13
43620.0,14
43630.0,14
43640.0,14
43650.0,14
43660.0,14
43670.0,14
43680.0,15
43690.0,15
43700.0,15
43710.0,15
43720.0,15
43730.0,14
43740.0,14
43750.0,13
43760.0,12
43770.0,12
43780.0,12
43790.0,12
43800.0,12
43810.0,12
43820.0,12
43830.0,12
43840.0,12
43850.0,12
43860.0,12
43870.0,12
43880.0,12
43890.0,12
43900.0,12
43910.0,12
43920.0,12
43930.0,12
43940.0,12
43950.0,12
43960.0,12
43970.0,12
43980.0,12
43990.0,12
44000.0,12
44010.0,12
44020.0,12
44030.0,12
44040.0,12
44050.0,12
44060.0,12
44070.0,12
44080.0,12
44090.0,12
44100.0,12
44110.0,12
44120.0,12
44130.0,12
44140.0,12
44150.0,13
44160.0,13
44170.0,13
44180.0,13
44190.0,13
44200.0,13
44210.0,13
44220.0,13
44230.0,13
44240.0,13
44250.0,13
44260.0,13
44270.0,13
44280.0,13
44290.0,14
44300.0,14
44310.0,15
44320.0,15
44330.0,15
44340.0,15
44350.0,15
44360.0,15
44370.0,15
44380.0,15
44390.0,15
44400.0,15
44410.0,15
44420.0,15
44430.0,15
44440.0,15
44450.0,15
44460.0,15
44470.0,16
44480.0,16
44490.0,16
44500.0,16
44510.0,16
44520.0,16
44530.0,16
44540.0,16
44550.0,16
44560.0,16
44570.0,16
44580.0,16
44590.0,16
44600.0,15
44610.0,16
44620.0,15
44630.0,15
44640.0,16
44650.0,16
44660.0,16
44670.0,16
44680.0,16
44690.0,15
44700.0,2
44710.0,1
44720.0,1
44730.0,1
44740.0,1
44750.0,1
44760.0,1
44770.0,1
44780.0,1
44790.0,1
44800.0,1
44810.0,1
44820.0,1
44830.0,2
44840.0,3
44850.0,3
44860.0,3
44870.0,3
44880.0,3
44890.0,2
44900.0,2
44910.0,2
44920.0,2
44930.0,2
44940.0,2
44950.0,2
44960.0,2
44970.0,2
44980.0,3
44990.0,3
45000.0,3
45010.0,3
45020.0,3
45030.0,3
45040.0,3
45050.0,3
45060.0,3
45070.0,3
45080.0,3
45090.0,3
45100.0,3
45110.0,3
45120.0,4
45130.0,4
45140.0,4
45150.0,4
45160.0,4
45170.0,4
45180.0,4
45190.0,4
45200.0,4
45210.0,4
45220.0,4
45230.0,4
45240.0,5
45250.0,5
45260.0,5
45270.0,5
45280.0,5
45290.0,5
45300.0,5
45310.0,5
45320.0,5
45330.0,5
45340.0,5
45350.0,5
45360.0,5
45370.0,4
45380.0,4
45390.0,6
45400.0,6
45410.0,6
45420.0,6
45430.0,6
45440.0,6
45450.0,6
45460.0,6
45470.0,6
45480.0,6
45490.0,6
45500.0,6
45510.0,6
45520.0,6
45530.0,6
45540.0,6
45550.0,6
45560.0,6
45570.0,6
45580.0,6
45590.0,6
45600.0,6
45610.0,6
45620.0,6
45630.0,6
45640.0,6
45650.0,6
45660.0,6
45670.0,6
45680.0,6
45690.0,6
45700.0,6
45710.0,6
45720.0,6
45730.0,6
45740.0,6
45750.0,5
45760.0,5
45770.0,5
45780.0,5
45790.0,5
45800.0,6
45810.0,6
45820.0,6
45830.0,6
45840.0,6
45850.0,6
45860.0,6
45870.0,6
45880.0,6
45890.0,6
45900.0,6
45910.0,6
45920.0,6
45930.0,6
45940.0,6
45950.0,6
45960.0,6
45970.0,6
45980.0,6
45990.0,7
46000.0,6
46010.0,6
46020.0,6
46030.0,6
46040.0,6
46050.0,6
46060.0,6
46070.0,6
46080.0,6
46090.0,6
46100.0,6
46110.0,6
46120.0,6
46130.0,6
46140.0,7
46150.0,6
46160.0,6
46170.0,6
46180.0,7
46190.0,7
46200.0,4
46210.0,4
46220.0,3
46230.0,2
46240.0,2
46250.0,2
46260.0,1
46270.0,1
46280.0,0
46290.0,0
46300.0,0
46310.0,0
46320.0,0
46330.0,0
46340.0,0
46350.0,0
46360.0,0
46370.0,0
46380.0,0
46390.0,0
46400.0,0
46410.0,0
46420.0,0
46430.0,0
46440.0,0
46450.0,0
46460.0,0
46470.0,0
46480.0,0
46490.0,0
46500.0,0
46510.0,0
46520.0,0
46530.0,0
46540.0,0
46550.0,0
46560.0,0
46570.0,0
46580.0,1
46590.0,1
46600.0,1
46610.0,1
46620.0,1
46630.0,1
46640.0,1
46650.0,1
46660.0,1
46670.0,1
46680.0,1
46690.0,1
46700.0,1
46710.0,1
46720.0,1
46730.0,1
46740.0,1
46750.0,1
46760.0,1
46770.0,1
46780.0,1
46790.0,1
46800.0,1
46810.0,1
46820.0,1
46830.0,2
46840.0,3
46850.0,3
46860.0,3
46870.0,3
46880.0,3
46890.0,3
46900.0,3
46910.0,3
46920.0,3
46930.0,3
46940.0,3
46950.0,3
46960.0,3
46970.0,3
46980.0,3
46990.0,3
47000.0,3
47010.0,2
47020.0,3
47030.0,2
47040.0,2
47050.0,2
47060.0,2
47070.0,2
47080.0,2
47090.0,2
47100.0,2
47110.0,3
47120.0,3
47130.0,4
47140.0,4
47150.0,3
47160.0,3
47170.0,3
47180.0,3
47190.0,3
47200.0,3
47210.0,3
47220.0,3
47230.0,3
47240.0,3
47250.0,3
47260.0,3
47270.0,3
47280.0,3
47290.0,3
47300.0,3
47310.0,3
47320.0,3
47330.0,3
47340.0,3
47350.0,3
47360.0,3
47370.0,3
47380.0,3
47390.0,3
47400.0,3
47410.0,3
47420.0,3
47430.0,3
47440.0,3
47450.0,3
47460.0,3
47470.0,3
47480.0,3
47490.0,3
47500.0,3
47510.0,3
47520.0,3
47530.0,3
47540.0,3
47550.0,3
47560.0,3
47570.0,3
47580.0,3
47590.0,3
47600.0,3
47610.0,3
47620.0,3
47630.0,3
47640.0,3
47650.0,3
47660.0,3
47670.0,3
47680.0,3
47690.0,3
47700.0,3
47710.0,3
47720.0,3
47730.0,3
47740.0,3
47750.0,3
47760.0,3
47770.0,3
47780.0,3
47790.0,3
47800.0,3
47810.0,3
47820.0,3
47830.0,3
47840.0,3
47850.0,3
47860.0,3
47870.0,3
47880.0,3
47890.0,3
47900.0,3
47910.0,3
47920.0,4
47930.0,4
47940.0,4
47950.0,4
47960.0,4
47970.0,4
47980.0,4
47990.0,4
48000.0,4
48010.0,4
48020.0,3
48030.0,3
48040.0,3
48050.0,4
48060.0,4
48070.0,4
48080.0,5
48090.0,4
48100.0,4
48110.0,4
48120.0,4
48130.0,4
48140.0,4
48150.0,4
48160.0,4
48170.0,4
48180.0,4
48190.0,4
48200.0,4
48210.0,4
48220.0,4
48230.0,4
48240.0,4
48250.0,4
48260.0,4
48270.0,4
48280.0,4
48290.0,4
48300.0,4
48310.0,4
48320.0,4
48330.0,4
48340.0,4
48350.0,4
48360.0,4
48370.0,5
48380.0,5
48390.0,5
48400.0,5
48410.0,5
48420.0,5
48430.0,5
48440.0,5
48450.0,5
48460.0,5
48470.0,4
48480.0,4
48490.0,4
48500.0,4
48510.0,4
48520.0,4
48530.0,4
48540.0,4
48550.0,4
48560.0,5
48570.0,5
48580.0,5
48590.0,6
48600.0,6
48610.0,6
48620.0,6
48630.0,6
48640.0,6
48650.0,6
48660.0,6
48670.0,6
48680.0,6
48690.0,6
48700.0,5
48710.0,6
48720.0,5
48730.0,5
48740.0,5
48750.0,5
48760.0,5
48770.0,5
48780.0,5
48790.0,5
48800.0,5
48810.0,5
48820.0,5
48830.0,5
48840.0,5
48850.0,5
48860.0,5
48870.0,6
48880.0,6
48890.0,6
48900.0,6
48910.0,6
48920.0,6
48930.0,6
48940.0,6
48950.0,6
48960.0,6
48970.0,6
48980.0,6
48990.0,6
49000.0,6
49010.0,6
49020.0,6
49030.0,6
49040.0,7
49050.0,7
49060.0,7
49070.0,7
49080.0,7
49090.0,7
49100.0,7
49110.0,7
49120.0,6
49130.0,6
49140.0,6
49150.0,6
49160.0,6
49170.0,6
49180.0,6
49190.0,6
49200.0,6
49210.0,6
49220.0,6
49230.0,6
49240.0,7
49250.0,7
49260.0,8
49270.0,8
49280.0,6
49290.0,7
49300.0,7
49310.0,7
49320.0,6
49330.0,7
49340.0,7
49350.0,7
49360.0,7
49370.0,7
49380.0,7
49390.0,9
49400.0,9
49410.0,8
49420.0,9
49430.0,10
49440.0,10
49450.0,9
49460.0,9
49470.0,9
49480.0,9
49490.0,9
49500.0,8
49510.0,8
49520.0,8
49530.0,8
49540.0,8
49550.0,8
49560.0,8
49570.0,8
49580.0,8
49590.0,8
49600.0,8
49610.0,8
49620.0,9
49630.0,10
49640.0,10
49650.0,10
49660.0,10
49670.0,10
49680.0,10
49690.0,10
49700.0,10
49710.0,10
49720.0,10
49730.0,8
49740.0,5
49750.0,5
49760.0,5
49770.0,5
49780.0,5
49790.0,8
49800.0,8
49810.0,5
49820.0,8
49830.0,10
49840.0,10
49850.0,10
49860.0,8
49870.0,10
49880.0,10
49890.0,10
49900.0,10
49910.0,10
49920.0,10
49930.0,10
49940.0,10
49950.0,10
49960.0,10
49970.0,10
49980.0,10
49990.0,10
50000.0,10
50010.0,10
50020.0,11
50030.0,11
50040.0,11
50050.0,11
50060.0,11
50070.0,11
50080.0,11
50090.0,11
50100.0,11
50110.0,11
50120.0,11
50130.0,11
50140.0,11
50150.0,11
50160.0,12
50170.0,12
50180.0,13
50190.0,13
50200.0,12
50210.0,13
50220.0,12
50230.0,12
50240.0,12
50250.0,11
50260.0,11
50270.0,11
50280.0,11
50290.0,11
50300.0,11
50310.0,12
50320.0,13
50330.0,13
50340.0,13
50350.0,13
50360.0,13
50370.0,12
50380.0,12
50390.0,11
50400.0,10
50410.0,10
50420.0,10
50430.0,9
50440.0,9
50450.0,9
50460.0,10
50470.0,10
50480.0,10
50490.0,10
50500.0,10
50510.0,10
50520.0,10
50530.0,10
50540.0,10
50550.0,10
50560.0,10
50570.0,10
50580.0,11
50590.0,11
50600.0,11
50610.0,11
50620.0,10
50630.0,9
50640.0,2
50650.0,2
50660.0,2
50670.0,1
50680.0,1
50690.0,1
50700.0,1
50710.0,1
50720.0,1
50730.0,1
50740.0,1
50750.0,1
50760.0,1
50770.0,1
50780.0,2
50790.0,2
50800.0,10
50810.0,10
50820.0,10
50830.0,10
50840.0,10
50850.0,10
50860.0,10
50870.0,10
50880.0,10
50890.0,10
50900.0,10
50910.0,10
50920.0,10
50930.0,10
50940.0,10
50950.0,10
50960.0,10
50970.0,10
50980.0,10
50990.0,10
51000.0,11
51010.0,11
51020.0,11
51030.0,11
51040.0,11
51050.0,11
51060.0,12
51070.0,12
51080.0,12
51090.0,12
51100.0,12
51110.0,13
51120.0,14
51130.0,14
51140.0,14
51150.0,14
51160.0,14
51170.0,5
51180.0,4
51190.0,4
51200.0,3
51210.0,3
51220.0,3
51230.0,3
51240.0,3
51250.0,3
51260.0,3
51270.0,3
51280.0,3
51290.0,3
51300.0,3
51310.0,4
51320.0,4
51330.0,4
51340.0,4
51350.0,4
51360.0,4
51370.0,4
51380.0,4
51390.0,4
51400.0,4
51410.0,4
51420.0,4
51430.0,4
51440.0,4
51450.0,4
51460.0,4
51470.0,4
51480.0,4
51490.0,4
51500.0,4
51510.0,4
51520.0,4
51530.0,4
51540.0,4
51550.0,4
51560.0,4
51570.0,4
51580.0,4
51590.0,4
51600.0,4
51610.0,4
51620.0,4
51630.0,4
51640.0,4
51650.0,4
51660.0,4
51670.0,4
51680.0,4
51690.0,4
51700.0,4
51710.0,4
51720.0,4
51730.0,6
51740.0,6
51750.0,6
51760.0,6
51770.0,6
51780.0,6
51790.0,6
51800.0,6
51810.0,6
51820.0,6
51830.0,6
51840.0,6
51850.0,6
51860.0,6
51870.0,6
51880.0,6
51890.0,6
51900.0,6
51910.0,6
51920.0,6
51930.0,6
51940.0,7
51950.0,7
51960.0,7
51970.0,7
51980.0,7
51990.0,7
52000.0,7
52010.0,7
52020.0,7
52030.0,7
52040.0,7
52050.0,7
52060.0,7
52070.0,7
52080.0,7
52090.0,7
52100.0,7
52110.0,7
52120.0,7
52130.0,7
52140.0,7
52150.0,8
52160.0,8
52170.0,8
52180.0,8
52190.0,8
52200.0,9
52210.0,9
52220.0,9
52230.0,9
52240.0,9
52250.0,9
52260.0,8
52270.0,8
52280.0,8
52290.0,8
52300.0,8
52310.0,8
52320.0,8
52330.0,8
52340.0,8
52350.0,8
52360.0,7
52370.0,8
52380.0,8
52390.0,8
52400.0,8
52410.0,8
52420.0,8
52430.0,8
52440.0,8
52450.0,9
52460.0,9
52470.0,9
52480.0,9
52490.0,9
52500.0,9
52510.0,9
52520.0,9
52530.0,9
52540.0,9
52550.0,9
52560.0,9
52570.0,9
52580.0,9
52590.0,9
52600.0,9
52610.0,9
52620.0,9
52630.0,9
52640.0,9
52650.0,9
52660.0,9
52670.0,10
52680.0,10
52690.0,10
52700.0,10
52710.0,10
52720.0,10
52730.0,10
52740.0,10
52750.0,10
52760.0,10
52770.0,10
52780.0,10
52790.0,10
52800.0,10
52810.0,10
52820.0,10
52830.0,10
52840.0,10
52850.0,11
52860.0,11
52870.0,11
52880.0,11
52890.0,11
52900.0,11
52910.0,11
52920.0,10
52930.0,10
52940.0,10
52950.0,10
52960.0,10
52970.0,10
52980.0,10
52990.0,10
53000.0,10
53010.0,10
53020.0,10
53030.0,10
53040.0,10
53050.0,10
53060.0,11
53070.0,11
53080.0,11
53090.0,11
53100.0,11
53110.0,11
53120.0,11
53130.0,11
53140.0,11
53150.0,11
53160.0,11
53170.0,11
53180.0,11
53190.0,11
53200.0,11
53210.0,11
53220.0,11
53230.0,11
53240.0,11
53250.0,11
53260.0,11
53270.0,12
53280.0,12
53290.0,12
53300.0,12
53310.0,12
53320.0,12
53330.0,12
53340.0,14
53350.0,14
53360.0,14
53370.0,14
53380.0,14
53390.0,14
53400.0,13
53410.0,13
53420.0,13
53430.0,13
53440.0,13
53450.0,13
53460.0,13
53470.0,13
53480.0,13
53490.0,12
53500.0,11
53510.0,13
53520.0,12
53530.0,12
53540.0,12
53550.0,12
53560.0,12
53570.0,12
53580.0,12
53590.0,12
53600.0,12
53610.0,12
53620.0,12
53630.0,12
53640.0,12
53650.0,12
53660.0,12
53670.0,12
53680.0,12
53690.0,12
53700.0,12
53710.0,12
53720.0,12
53730.0,12
53740.0,12
53750.0,12
53760.0,12
53770.0,12
53780.0,12
53790.0,12
53800.0,12
53810.0,12
53820.0,12
53830.0,12
53840.0,12
53850.0,12
53860.0,12
53870.0,12
53880.0,12
53890.0,13
53900.0,13
53910.0,13
53920.0,14
53930.0,14
53940.0,14
53950.0,15
53960.0,15
53970.0,14
53980.0,14
53990.0,14
54000.0,13
54010.0,13
54020.0,13
54030.0,13
54040.0,13
54050.0,13
54060.0,13
54070.0,14
54080.0,14
54090.0,15
54100.0,15
54110.0,16
54120.0,17
54130.0,17
54140.0,17
54150.0,15
54160.0,2
54170.0,2
54180.0,2
54190.0,2
54200.0,2
54210.0,2
54220.0,2
54230.0,2
54240.0,3
54250.0,3
54260.0,3
54270.0,3
54280.0,3
54290.0,18
54300.0,18
54310.0,18
54320.0,18
54330.0,18
54340.0,18
54350.0,18
54360.0,18
54370.0,19
54380.0,19
54390.0,19
54400.0,19
54410.0,19
54420.0,19
54430.0,19
54440.0,19
54450.0,19
54460.0,19
54470.0,19
54480.0,19
54490.0,17
54500.0,17
54510.0,17
54520.0,17
54530.0,17
54540.0,17
54550.0,17
54560.0,17
54570.0,17
54580.0,17
54590.0,17
54600.0,17
54610.0,17
54620.0,17
54630.0,17
54640.0,17
54650.0,17
54660.0,17
54670.0,17
54680.0,17
54690.0,17
54700.0,17
54710.0,17
54720.0,17
54730.0,17
54740.0,17
54750.0,17
54760.0,17
54770.0,18
54780.0,18
54790.0,18
54800.0,18
54810.0,18
54820.0,18
54830.0,18
54840.0,18
54850.0,18
54860.0,18
54870.0,18
54880.0,18
54890.0,18
54900.0,18
54910.0,18
54920.0,18
54930.0,18
54940.0,18
54950.0,18
54960.0,18
54970.0,18
54980.0,18
54990.0,18
55000.0,18
55010.0,18
55020.0,18
55030.0,18
55040.0,18
55050.0,18
55060.0,18
55070.0,18
55080.0,18
55090.0,18
55100.0,18
55110.0,18
55120.0,18
55130.0,19
55140.0,19
55150.0,20
55160.0,20
55170.0,20
55180.0,20
55190.0,4
55200.0,3
55210.0,3
55220.0,3
55230.0,3
55240.0,2
55250.0,2
55260.0,2
55270.0,2
55280.0,2
55290.0,2
55300.0,2
55310.0,2
55320.0,2
55330.0,3
55340.0,3
55350.0,3
55360.0,3
55370.0,3
55380.0,3
55390.0,3
55400.0,3
55410.0,3
55420.0,3
55430.0,3
55440.0,3
55450.0,3
55460.0,3
55470.0,2
55480.0,2
55490.0,2
55500.0,3
55510.0,3
55520.0,2
55530.0,2
55540.0,2
55550.0,2
55560.0,2
55570.0,2
55580.0,2
55590.0,2
55600.0,2
55610.0,2
55620.0,2
55630.0,2
55640.0,2
55650.0,2
55660.0,2
55670.0,2
55680.0,2
55690.0,2
55700.0,2
55710.0,2
55720.0,2
55730.0,2
55740.0,2
55750.0,2
55760.0,2
55770.0,2
55780.0,2
55790.0,2
55800.0,2
55810.0,2
55820.0,2
55830.0,2
55840.0,2
55850.0,2
55860.0,2
55870.0,2
55880.0,2
55890.0,2
55900.0,2
55910.0,2
55920.0,2
55930.0,2
55940.0,2
55950.0,2
55960.0,2
55970.0,2
55980.0,2
55990.0,2
56000.0,2
56010.0,2
56020.0,2
56030.0,2
56040.0,2
56050.0,2
56060.0,2
56070.0,2
56080.0,2
56090.0,2
56100.0,2
56110.0,2
56120.0,2
56130.0,2
56140.0,2
56150.0,2
56160.0,2
56170.0,2
56180.0,2
56190.0,2
56200.0,2
56210.0,3
56220.0,4
56230.0,4
56240.0,4
56250.0,4
56260.0,4
56270.0,4
56280.0,4
56290.0,4
56300.0,4
56310.0,4
56320.0,4
56330.0,4
56340.0,4
56350.0,4
56360.0,4
56370.0,4
56380.0,4
56390.0,4
56400.0,4
56410.0,4
56420.0,4
56430.0,4
56440.0,4
56450.0,4
56460.0,4
56470.0,4
56480.0,4
56490.0,4
56500.0,4
56510.0,4
56520.0,4
56530.0,5
56540.0,5
56550.0,5
56560.0,5
56570.0,5
56580.0,5
56590.0,6
56600.0,7
56610.0,7
56620.0,7
56630.0,7
56640.0,7
56650.0,7
56660.0,7
56670.0,7
56680.0,7
56690.0,7
56700.0,7
56710.0,7
56720.0,7
56730.0,7
56740.0,7
56750.0,7
56760.0,7
56770.0,7
56780.0,7
56790.0,7
56800.0,7
56810.0,7
56820.0,7
56830.0,7
56840.0,7
56850.0,7
56860.0,7
56870.0,7
56880.0,7
56890.0,9
56900.0,9
56910.0,9
56920.0,9
56930.0,9
56940.0,9
56950.0,9
56960.0,9
56970.0,9
56980.0,9
56990.0,9
57000.0,9
57010.0,9
57020.0,9
57030.0,9
57040.0,9
57050.0,9
57060.0,9
57070.0,9
57080.0,9
57090.0,9
57100.0,9
57110.0,9
57120.0,9
57130.0,9
57140.0,9
57150.0,10
57160.0,10
57170.0,10
57180.0,10
57190.0,10
57200.0,10
57210.0,10
57220.0,9
57230.0,8
57240.0,8
57250.0,9
57260.0,9
57270.0,5
57280.0,2
57290.0,2
57300.0,0
57310.0,0
57320.0,0
57330.0,0
57340.0,0
57350.0,0
57360.0,0
57370.0,0
57380.0,0
57390.0,0
57400.0,0
57410.0,1
57420.0,1
57430.0,1
57440.0,1
57450.0,1
57460.0,1
57470.0,1
57480.0,1
57490.0,1
57500.0,1
57510.0,1
57520.0,1
57530.0,1
57540.0,1
57550.0,1
57560.0,1
57570.0,1
57580.0,1
57590.0,2
57600.0,2
57610.0,2
57620.0,2
57630.0,2
57640.0,2
57650.0,2
57660.0,2
57670.0,2
57680.0,3
57690.0,3
57700.0,3
57710.0,3
57720.0,3
57730.0,3
57740.0,3
57750.0,3
57760.0,3
57770.0,4
57780.0,4
57790.0,4
57800.0,4
57810.0,4
57820.0,4
57830.0,4
57840.0,4
57850.0,4
57860.0,4
57870.0,4
57880.0,4
57890.0,4
57900.0,4
57910.0,4
57920.0,6
57930.0,6
57940.0,6
57950.0,6
57960.0,6
57970.0,6
57980.0,6
57990.0,6
58000.0,6
58010.0,6
58020.0,6
58030.0,6
58040.0,6
58050.0,6
58060.0,6
58070.0,6
58080.0,6
58090.0,6
58100.0,6
58110.0,6
58120.0,6
58130.0,6
58140.0,6
58150.0,6
58160.0,6
58170.0,6
58180.0,6
58190.0,6
58200.0,6
58210.0,6
58220.0,6
58230.0,6
58240.0,6
58250.0,6
58260.0,6
58270.0,6
58280.0,6
58290.0,7
58300.0,7
58310.0,6
58320.0,6
58330.0,6
58340.0,6
58350.0,6
58360.0,6
58370.0,6
58380.0,6
58390.0,5
58400.0,5
58410.0,5
58420.0,6
58430.0,5
58440.0,5
58450.0,5
58460.0,5
58470.0,5
58480.0,5
58490.0,5
58500.0,5
58510.0,5
58520.0,4
58530.0,4
58540.0,4
58550.0,4
58560.0,4
58570.0,4
58580.0,4
58590.0,4
58600.0,4
58610.0,4
58620.0,4
58630.0,4
58640.0,4
58650.0,4
58660.0,4
58670.0,4
58680.0,4
58690.0,4
58700.0,2
58710.0,4
58720.0,4
58730.0,2
58740.0,4
58750.0,5
58760.0,5
58770.0,5
58780.0,5
58790.0,5
58800.0,3
58810.0,3
58820.0,2
58830.0,2
58840.0,2
58850.0,2
58860.0,2
58870.0,2
58880.0,2
58890.0,2
58900.0,2
58910.0,2
58920.0,2
58930.0,2
58940.0,2
58950.0,2
58960.0,2
58970.0,2
58980.0,2
58990.0,2
59000.0,2
59010.0,2
59020.0,2
59030.0,2
59040.0,2
59050.0,2
59060.0,3
59070.0,3
59080.0,3
59090.0,3
59100.0,3
59110.0,3
59120.0,3
59130.0,3
59140.0,3
59150.0,3
59160.0,3
59170.0,3
59180.0,3
59190.0,3
59200.0,3
59210.0,3
59220.0,3
59230.0,3
59240.0,3
59250.0,3
59260.0,3
59270.0,3
59280.0,3
59290.0,3
59300.0,3
59310.0,3
59320.0,3
59330.0,3
59340.0,3
59350.0,3
59360.0,3
59370.0,3
59380.0,3
59390.0,3
59400.0,3
59410.0,3
59420.0,3
59430.0,3
59440.0,3
59450.0,3
59460.0,3
59470.0,3
59480.0,3
59490.0,3
59500.0,3
59510.0,3
59520.0,3
59530.0,3
59540.0,3
59550.0,3
59560.0,3
59570.0,3
59580.0,3
59590.0,3
59600.0,3
59610.0,3
59620.0,3
59630.0,3
59640.0,3
59650.0,3
59660.0,3
59670.0,3
59680.0,4
59690.0,4
59700.0,3
59710.0,3
59720.0,3
59730.0,3
59740.0,3
59750.0,3
59760.0,3
59770.0,3
59780.0,3
59790.0,3
59800.0,3
59810.0,3
59820.0,3
59830.0,3
59840.0,3
59850.0,3
59860.0,3
59870.0,3
59880.0,3
59890.0,3
59900.0,3
59910.0,3
59920.0,3
59930.0,4
59940.0,4
59950.0,4
59960.0,5
59970.0,3
59980.0,5
59990.0,5
60000.0,5
60010.0,5
60020.0,4
60030.0,5
60040.0,5
60050.0,4
60060.0,5
60070.0,4
60080.0,5
60090.0,4
60100.0,5
60110.0,5
60120.0,4
60130.0,5
60140.0,6
60150.0,7
60160.0,7
60170.0,7
60180.0,7
60190.0,6
60200.0,7
60210.0,7
60220.0,6
60230.0,6
60240.0,6
60250.0,6
60260.0,6
60270.0,6
60280.0,6
60290.0,6
60300.0,6
60310.0,6
60320.0,6
60330.0,5
60340.0,5
60350.0,5
60360.0,5
60370.0,5
60380.0,5
60390.0,5
60400.0,5
60410.0,5
60420.0,5
60430.0,5
60440.0,5
60450.0,5
60460.0,5
60470.0,5
60480.0,6
60490.0,6
60500.0,6
60510.0,11
60520.0,11
60530.0,11
60540.0,12
60550.0,12
60560.0,12
60570.0,12
60580.0,12
60590.0,12
60600.0,12
60610.0,12
60620.0,12
60630.0,12
60640.0,12
60650.0,12
60660.0,13
60670.0,13
60680.0,13
60690.0,13
60700.0,13
60710.0,13
60720.0,13
60730.0,13
60740.0,12
60750.0,12
60760.0,12
60770.0,12
60780.0,12
60790.0,12
60800.0,12
60810.0,12
60820.0,12
60830.0,12
60840.0,12
60850.0,11
60860.0,12
60870.0,11
60880.0,11
60890.0,11
60900.0,11
60910.0,11
60920.0,11
60930.0,11
60940.0,11
60950.0,11
60960.0,10
60970.0,11
60980.0,11
60990.0,10
61000.0,10
61010.0,10
61020.0,4
61030.0,4
61040.0,4
61050.0,4
61060.0,4
61070.0,4
61080.0,3
61090.0,3
61100.0,3
61110.0,3
61120.0,3
61130.0,3
61140.0,3
61150.0,3
61160.0,3
61170.0,3
61180.0,3
61190.0,3
61200.0,3
61210.0,3
61220.0,3
61230.0,3
61240.0,3
61250.0,2
61260.0,3
61270.0,3
61280.0,3
61290.0,3
61300.0,3
61310.0,3
61320.0,3
61330.0,3
61340.0,3
61350.0,3
61360.0,3
61370.0,3
61380.0,3
61390.0,3
61400.0,4
61410.0,4
61420.0,4
61430.0,3
61440.0,2
61450.0,3
61460.0,3
61470.0,3
61480.0,3
61490.0,3
61500.0,3
61510.0,2
61520.0,2
61530.0,2
61540.0,2
61550.0,2
61560.0,2
61570.0,2
61580.0,2
61590.0,2
61600.0,2
61610.0,2
61620.0,2
61630.0,2
61640.0,2
61650.0,2
61660.0,2
61670.0,3
61680.0,3
61690.0,3
61700.0,3
61710.0,4
61720.0,4
61730.0,4
61740.0,5
61750.0,5
61760.0,5
61770.0,5
61780.0,5
61790.0,5
61800.0,4
61810.0,4
61820.0,4
61830.0,4
61840.0,4
61850.0,4
61860.0,4
61870.0,4
61880.0,4
61890.0,4
61900.0,4
61910.0,4
61920.0,4
61930.0,4
61940.0,4
61950.0,4
61960.0,4
61970.0,4
61980.0,4
61990.0,4
62000.0,4
62010.0,4
62020.0,4
62030.0,4
62040.0,4
62050.0,4
62060.0,4
62070.0,4
62080.0,4
62090.0,4
62100.0,4
62110.0,4
62120.0,4
62130.0,4
62140.0,4
62150.0,4
62160.0,4
62170.0,4
62180.0,4
62190.0,4
62200.0,4
62210.0,4
62220.0,4
62230.0,4
62240.0,4
62250.0,4
62260.0,4
62270.0,4
62280.0,4
62290.0,4
62300.0,4
62310.0,5
62320.0,5
62330.0,5
62340.0,5
62350.0,5
62360.0,5
62370.0,5
62380.0,5
62390.0,5
62400.0,5
62410.0,5
62420.0,5
62430.0,5
62440.0,5
62450.0,5
62460.0,5
62470.0,5
62480.0,5
62490.0,5
62500.0,5
62510.0,5
62520.0,5
62530.0,5
62540.0,5
62550.0,5
62560.0,5
62570.0,5
62580.0,5
62590.0,5
62600.0,5
62610.0,5
62620.0,5
62630.0,5
62640.0,5
62650.0,5
62660.0,5
62670.0,5
62680.0,5
62690.0,5
62700.0,5
62710.0,5
62720.0,5
62730.0,5
62740.0,5
62750.0,5
62760.0,5
62770.0,5
62780.0,5
62790.0,5
62800.0,5
62810.0,5
62820.0,5
62830.0,5
62840.0,5
62850.0,5
62860.0,5
62870.0,5
62880.0,5
62890.0,3
62900.0,3
62910.0,2
62920.0,4
62930.0,4
62940.0,2
62950.0,2
62960.0,2
62970.0,2
62980.0,2
62990.0,2
63000.0,2
63010.0,2
63020.0,2
63030.0,2
63040.0,2
63050.0,2
63060.0,2
63070.0,2
63080.0,2
63090.0,2
63100.0,2
63110.0,2
63120.0,2
63130.0,2
63140.0,2
63150.0,2
63160.0,2
63170.0,2
63180.0,3
63190.0,3
63200.0,3
63210.0,3
63220.0,3
63230.0,3
63240.0,2
63250.0,2
63260.0,3
63270.0,3
63280.0,3
63290.0,4
63300.0,5
63310.0,4
63320.0,4
63330.0,4
63340.0,4
63350.0,4
63360.0,4
63370.0,5
63380.0,5
63390.0,5
63400.0,5
63410.0,5
63420.0,5
63430.0,5
63440.0,5
63450.0,5
63460.0,5
63470.0,5
63480.0,5
63490.0,5
63500.0,5
63510.0,5
63520.0,5
63530.0,5
63540.0,5
63550.0,5
63560.0,5
63570.0,5
63580.0,5
63590.0,5
63600.0,5
63610.0,5
63620.0,5
63630.0,5
63640.0,5
63650.0,5
63660.0,5
63670.0,5
63680.0,5
63690.0,5
63700.0,5
63710.0,5
63720.0,5
63730.0,5
63740.0,5
63750.0,5
63760.0,5
63770.0,5
63780.0,5
63790.0,5
63800.0,5
63810.0,5
63820.0,5
63830.0,5
63840.0,5
63850.0,5
63860.0,5
63870.0,5
63880.0,5
63890.0,5
63900.0,5
63910.0,5
63920.0,5
63930.0,5
63940.0,5
63950.0,5
63960.0,5
63970.0,5
63980.0,5
63990.0,5
64000.0,5
64010.0,5
64020.0,5
64030.0,5
64040.0,5
64050.0,5
64060.0,5
64070.0,5
64080.0,5
64090.0,5
64100.0,5
64110.0,5
64120.0,5
64130.0,5
64140.0,5
64150.0,6
64160.0,6
64170.0,6
64180.0,6
64190.0,6
64200.0,6
64210.0,6
64220.0,6
64230.0,6
64240.0,6
64250.0,6
64260.0,6
64270.0,6
64280.0,6
64290.0,6
64300.0,6
64310.0,6
64320.0,6
64330.0,6
64340.0,6
64350.0,6
64360.0,6
64370.0,6
64380.0,6
64390.0,6
64400.0,6
64410.0,6
64420.0,6
64430.0,6
64440.0,6
64450.0,6
64460.0,6
64470.0,6
64480.0,6
64490.0,6
64500.0,6
64510.0,7
64520.0,7
64530.0,7
64540.0,7
64550.0,7
64560.0,7
64570.0,7
64580.0,7
64590.0,7
64600.0,7
64610.0,7
64620.0,7
64630.0,7
64640.0,7
64650.0,7
64660.0,7
64670.0,7
64680.0,7
64690.0,7
64700.0,7
64710.0,7
64720.0,7
64730.0,8
64740.0,8
64750.0,8
64760.0,8
64770.0,8
64780.0,8
64790.0,8
64800.0,9
64810.0,9
64820.0,9
64830.0,9
64840.0,9
64850.0,9
64860.0,9
64870.0,9
64880.0,9
64890.0,9
64900.0,4
64910.0,4
64920.0,4
64930.0,4
64940.0,4
64950.0,4
64960.0,4
64970.0,4
64980.0,4
64990.0,4
65000.0,4
65010.0,3
65020.0,3
65030.0,3
65040.0,3
65050.0,3
65060.0,3
65070.0,3
65080.0,3
65090.0,3
65100.0,3
65110.0,3
65120.0,3
65130.0,3
65140.0,3
65150.0,3
65160.0,3
65170.0,3
65180.0,3
65190.0,3
65200.0,3
65210.0,3
65220.0,4
65230.0,3
65240.0,3
65250.0,4
65260.0,4
65270.0,4
65280.0,4
65290.0,4
65300.0,4
65310.0,4
65320.0,4
65330.0,4
65340.0,4
65350.0,4
65360.0,4
65370.0,4
65380.0,4
65390.0,3
65400.0,3
65410.0,3
65420.0,3
65430.0,4
65440.0,5
65450.0,4
65460.0,4
65470.0,5
65480.0,5
65490.0,5
65500.0,5
65510.0,5
65520.0,10
65530.0,10
65540.0,10
65550.0,10
65560.0,10
65570.0,10
65580.0,5
65590.0,5
65600.0,10
65610.0,6
65620.0,6
65630.0,6
65640.0,6
65650.0,6
65660.0,6
65670.0,5
65680.0,4
65690.0,4
65700.0,4
65710.0,4
65720.0,4
65730.0,4
65740.0,4
65750.0,4
65760.0,4
65770.0,4
65780.0,4
65790.0,4
65800.0,4
65810.0,4
65820.0,4
65830.0,4
65840.0,4
65850.0,4
65860.0,4
65870.0,4
65880.0,4
65890.0,4
65900.0,4
65910.0,4
65920.0,4
65930.0,4
65940.0,4
65950.0,4
65960.0,4
65970.0,4
65980.0,4
65990.0,4
66000.0,4
66010.0,4
66020.0,4
66030.0,4
66040.0,4
66050.0,4
66060.0,4
66070.0,4
66080.0,4
66090.0,4
66100.0,4
66110.0,4
66120.0,4
66130.0,4
66140.0,4
66150.0,4
66160.0,4
66170.0,4
66180.0,4
66190.0,4
66200.0,4
66210.0,4
66220.0,4
66230.0,4
66240.0,4
66250.0,4
66260.0,4
66270.0,4
66280.0,4
66290.0,4
66300.0,4
66310.0,4
66320.0,5
66330.0,5
66340.0,5
66350.0,5
66360.0,5
66370.0,5
66380.0,5
66390.0,5
66400.0,6
66410.0,6
66420.0,6
66430.0,5
66440.0,5
66450.0,5
66460.0,5
66470.0,5
66480.0,5
66490.0,5
66500.0,5
66510.0,5
66520.0,5
66530.0,5
66540.0,5
66550.0,5
66560.0,1
66570.0,2
66580.0,1
66590.0,1
66600.0,1
66610.0,1
66620.0,1
66630.0,1
66640.0,1
66650.0,1
66660.0,1
66670.0,1
66680.0,1
66690.0,1
66700.0,1
66710.0,1
66720.0,1
66730.0,1
66740.0,1
66750.0,0
66760.0,1
66770.0,1
66780.0,1
66790.0,1
66800.0,1
66810.0,1
66820.0,1
66830.0,1
66840.0,1
66850.0,1
66860.0,1
66870.0,1
66880.0,1
66890.0,1
66900.0,2
66910.0,2
66920.0,2
66930.0,2
66940.0,2
66950.0,2
66960.0,2
66970.0,1
66980.0,1
66990.0,1
67000.0,1
67010.0,1
67020.0,1
67030.0,1
67040.0,1
67050.0,1
67060.0,1
67070.0,1
67080.0,0
67090.0,1
67100.0,1
67110.0,1
67120.0,2
67130.0,2
67140.0,2
67150.0,2
67160.0,2
67170.0,2
67180.0,2
67190.0,2
67200.0,2
67210.0,2
67220.0,2
67230.0,2
67240.0,2
67250.0,2
67260.0,2
67270.0,3
67280.0,3
67290.0,3
67300.0,3
67310.0,3
67320.0,3
67330.0,3
67340.0,3
67350.0,3
67360.0,3
67370.0,3
67380.0,3
67390.0,3
67400.0,3
67410.0,3
67420.0,3
67430.0,3
67440.0,4
67450.0,5
67460.0,5
67470.0,5
67480.0,5
67490.0,5
67500.0,5
67510.0,5
67520.0,5
67530.0,5
67540.0,5
67550.0,5
67560.0,5
67570.0,6
67580.0,6
67590.0,6
67600.0,5
67610.0,5
67620.0,4
67630.0,2
67640.0,2
67650.0,2
67660.0,2
67670.0,2
67680.0,2
67690.0,2
67700.0,2
67710.0,2
67720.0,2
67730.0,2
67740.0,5
67750.0,5
67760.0,5
67770.0,5
67780.0,5
67790.0,5
67800.0,5
67810.0,5
67820.0,5
67830.0,6
67840.0,6
67850.0,6
67860.0,6
67870.0,6
67880.0,5
67890.0,5
67900.0,5
67910.0,5
67920.0,5
67930.0,5
67940.0,5
67950.0,5
67960.0,5
67970.0,5
67980.0,5
67990.0,5
68000.0,5
68010.0,5
68020.0,6
68030.0,6
68040.0,1
68050.0,1
68060.0,0
68070.0,0
68080.0,0
68090.0,0
68100.0,0
68110.0,0
68120.0,0
68130.0,0
68140.0,0
68150.0,0
68160.0,0
68170.0,0
68180.0,0
68190.0,1
68200.0,1
68210.0,1
68220.0,1
68230.0,1
68240.0,1
68250.0,1
68260.0,3
68270.0,3
68280.0,3
68290.0,3
68300.0,3
68310.0,3
68320.0,3
68330.0,3
68340.0,3
68350.0,3
68360.0,3
68370.0,3
68380.0,3
68390.0,3
68400.0,3
68410.0,3
68420.0,3
68430.0,3
68440.0,3
68450.0,4
68460.0,4
68470.0,4
68480.0,4
68490.0,4
68500.0,4
68510.0,4
68520.0,4
68530.0,4
68540.0,4
68550.0,5
68560.0,5
68570.0,5
68580.0,5
68590.0,5
68600.0,5
68610.0,5
68620.0,5
68630.0,5
68640.0,5
68650.0,5
68660.0,5
68670.0,5
68680.0,7
68690.0,7
68700.0,7
68710.0,7
68720.0,5
68730.0,5
68740.0,4
68750.0,2
68760.0,2
68770.0,2
68780.0,2
68790.0,2
68800.0,0
68810.0,0
68820.0,1
68830.0,0
68840.0,1
68850.0,0
68860.0,1
68870.0,0
68880.0,1
68890.0,2
68900.0,2
68910.0,2
68920.0,2
68930.0,4
68940.0,5
68950.0,5
68960.0,5
68970.0,5
68980.0,5
68990.0,5
69000.0,5
69010.0,5
69020.0,5
69030.0,5
69040.0,5
69050.0,5
69060.0,5
69070.0,5
69080.0,5
69090.0,5
69100.0,5
69110.0,5
69120.0,5
69130.0,6
69140.0,7
69150.0,7
69160.0,7
69170.0,7
69180.0,3
69190.0,2
69200.0,2
69210.0,2
69220.0,2
69230.0,2
69240.0,2
69250.0,2
69260.0,2
69270.0,2
69280.0,2
69290.0,2
69300.0,2
69310.0,2
69320.0,2
69330.0,2
69340.0,2
69350.0,3
69360.0,3
69370.0,3
69380.0,3
69390.0,3
69400.0,3
69410.0,3
69420.0,3
69430.0,3
69440.0,3
69450.0,3
69460.0,3
69470.0,3
69480.0,3
69490.0,3
69500.0,3
69510.0,3
69520.0,3
69530.0,3
69540.0,4
69550.0,4
69560.0,4
69570.0,4
69580.0,4
69590.0,4
69600.0,4
69610.0,4
69620.0,4
69630.0,4
69640.0,4
69650.0,4
69660.0,4
69670.0,4
69680.0,4
69690.0,4
69700.0,4
69710.0,4
69720.0,4
69730.0,4
69740.0,4
69750.0,5
69760.0,5
69770.0,5
69780.0,5
69790.0,5
69800.0,5
69810.0,5
69820.0,5
69830.0,5
69840.0,5
69850.0,5
69860.0,5
69870.0,5
69880.0,5
69890.0,6
69900.0,6
69910.0,6
69920.0,6
69930.0,3
69940.0,3
69950.0,2
69960.0,2
69970.0,2
69980.0,2
69990.0,2
70000.0,2
70010.0,2
70020.0,2
70030.0,2
70040.0,2
70050.0,2
70060.0,2
70070.0,2
70080.0,2
70090.0,2
70100.0,2
70110.0,2
70120.0,2
70130.0,2
70140.0,2
70150.0,2
70160.0,2
70170.0,2
70180.0,2
70190.0,2
70200.0,2
70210.0,2
70220.0,2
70230.0,2
70240.0,2
70250.0,2
70260.0,2
70270.0,2
70280.0,2
70290.0,2
70300.0,2
70310.0,3
70320.0,3
70330.0,3
70340.0,3
70350.0,3
70360.0,3
70370.0,3
70380.0,3
70390.0,3
70400.0,3
70410.0,3
70420.0,3
70430.0,3
70440.0,3
70450.0,4
70460.0,3
70470.0,4
70480.0,4
70490.0,5
70500.0,5
70510.0,5
70520.0,5
70530.0,5
70540.0,5
70550.0,5
70560.0,5
70570.0,5
70580.0,5
70590.0,5
70600.0,5
70610.0,5
70620.0,5
70630.0,5
70640.0,5
70650.0,5
70660.0,5
70670.0,5
70680.0,5
70690.0,5
70700.0,5
70710.0,5
70720.0,5
70730.0,5
70740.0,5
70750.0,5
70760.0,5
70770.0,5
70780.0,5
70790.0,5
70800.0,5
70810.0,4
70820.0,4
70830.0,4
70840.0,4
70850.0,5
70860.0,5
70870.0,6
70880.0,6
70890.0,6
70900.0,5
70910.0,5
70920.0,6
70930.0,6
70940.0,5
70950.0,5
70960.0,6
70970.0,6
70980.0,6
70990.0,6
71000.0,6
71010.0,6
71020.0,6
71030.0,5
71040.0,5
71050.0,5
71060.0,5
71070.0,5
71080.0,5
71090.0,5
71100.0,5
71110.0,5
71120.0,5
71130.0,5
71140.0,5
71150.0,5
71160.0,5
71170.0,5
71180.0,5
71190.0,5
71200.0,5
71210.0,5
71220.0,5
71230.0,5
71240.0,5
71250.0,5
71260.0,5
71270.0,5
71280.0,5
71290.0,5
71300.0,5
71310.0,5
71320.0,5
71330.0,5
71340.0,5
71350.0,5
71360.0,5
71370.0,5
71380.0,5
71390.0,5
71400.0,5
71410.0,5
71420.0,5
71430.0,5
71440.0,5
71450.0,5
71460.0,10
71470.0,10
71480.0,10
71490.0,10
71500.0,10
71510.0,10
71520.0,10
71530.0,10
71540.0,10
71550.0,10
71560.0,10
71570.0,10
71580.0,10
71590.0,10
71600.0,10
71610.0,10
71620.0,10
71630.0,10
71640.0,10
71650.0,10
71660.0,10
71670.0,10
71680.0,9
71690.0,9
71700.0,9
71710.0,9
71720.0,9
71730.0,9
71740.0,9
71750.0,9
71760.0,9
71770.0,9
71780.0,9
71790.0,9
71800.0,9
71810.0,9
71820.0,9
71830.0,9
71840.0,9
71850.0,9
71860.0,9
71870.0,9
71880.0,9
71890.0,9
71900.0,9
71910.0,9
71920.0,9
71930.0,9
71940.0,9
71950.0,9
71960.0,9
71970.0,9
71980.0,9
71990.0,9
72000.0,9
72010.0,9
72020.0,9
72030.0,9
72040.0,9
72050.0,9
72060.0,9
72070.0,9
72080.0,9
72090.0,9
72100.0,9
72110.0,9
72120.0,9
72130.0,9
72140.0,9
72150.0,10
72160.0,10
72170.0,10
72180.0,10
72190.0,10
72200.0,10
72210.0,10
72220.0,10
72230.0,11
72240.0,12
72250.0,12
72260.0,12
72270.0,12
72280.0,10
72290.0,10
72300.0,9
72310.0,9
72320.0,3
72330.0,3
72340.0,3
72350.0,3
72360.0,3
72370.0,3
72380.0,3
72390.0,3
72400.0,3
72410.0,3
72420.0,3
72430.0,3
72440.0,3
72450.0,3
72460.0,3
72470.0,3
72480.0,3
72490.0,3
72500.0,3
72510.0,4
72520.0,4
72530.0,4
72540.0,3
72550.0,3
72560.0,3
72570.0,1
72580.0,1
72590.0,1
72600.0,1
72610.0,1
72620.0,1
72630.0,2
72640.0,2
72650.0,2
72660.0,2
72670.0,2
72680.0,2
72690.0,2
72700.0,2
72710.0,2
72720.0,2
72730.0,2
72740.0,2
72750.0,2
72760.0,2
72770.0,2
72780.0,2
72790.0,2
72800.0,2
72810.0,2
72820.0,2
72830.0,2
72840.0,2
72850.0,2
72860.0,2
72870.0,2
72880.0,2
72890.0,2
72900.0,2
72910.0,2
72920.0,2
72930.0,2
72940.0,2
72950.0,2
72960.0,2
72970.0,2
72980.0,2
72990.0,2
73000.0,2
73010.0,2
73020.0,2
73030.0,2
73040.0,2
73050.0,2
73060.0,2
73070.0,2
73080.0,2
73090.0,2
73100.0,2
73110.0,2
73120.0,2
73130.0,2
73140.0,2
73150.0,2
73160.0,2
73170.0,2
73180.0,2
73190.0,2
73200.0,2
73210.0,2
73220.0,2
73230.0,2
73240.0,2
73250.0,2
73260.0,2
73270.0,2
73280.0,2
73290.0,2
73300.0,2
73310.0,2
73320.0,2
73330.0,2
73340.0,2
73350.0,2
73360.0,2
73370.0,2
73380.0,2
73390.0,2
73400.0,2
73410.0,2
73420.0,2
73430.0,2
73440.0,2
73450.0,2
73460.0,2
73470.0,2
73480.0,2
73490.0,2
73500.0,2
73510.0,3
73520.0,3
73530.0,3
73540.0,3
73550.0,3
73560.0,3
73570.0,3
73580.0,1
73590.0,1
73600.0,1
73610.0,1
73620.0,1
73630.0,2
73640.0,2
73650.0,1
73660.0,1
73670.0,1
73680.0,1
73690.0,1
73700.0,1
73710.0,1
73720.0,1
73730.0,1
73740.0,1
73750.0,1
73760.0,1
73770.0,1
73780.0,1
73790.0,2
73800.0,3
73810.0,3
73820.0,3
73830.0,3
73840.0,3
73850.0,3
73860.0,3
73870.0,3
73880.0,3
73890.0,3
73900.0,3
73910.0,3
73920.0,4
73930.0,4
73940.0,4
73950.0,4
73960.0,4
73970.0,4
73980.0,4
73990.0,4
74000.0,4
74010.0,4
74020.0,4
74030.0,4
74040.0,4
74050.0,4
74060.0,4
74070.0,4
74080.0,4
74090.0,4
74100.0,4
74110.0,4
74120.0,4
74130.0,4
74140.0,5
74150.0,5
74160.0,6
74170.0,6
74180.0,6
74190.0,6
74200.0,5
74210.0,5
74220.0,5
74230.0,5
74240.0,5
74250.0,5
74260.0,5
74270.0,5
74280.0,5
74290.0,5
74300.0,5
74310.0,5
74320.0,5
74330.0,5
74340.0,5
74350.0,6
74360.0,6
74370.0,6
74380.0,3
74390.0,2
74400.0,2
74410.0,1
74420.0,0
74430.0,0
74440.0,1
74450.0,1
74460.0,1
74470.0,1
74480.0,1
74490.0,1
74500.0,1
74510.0,1
74520.0,1
74530.0,1
74540.0,1
74550.0,1
74560.0,1
74570.0,1
74580.0,1
74590.0,2
74600.0,1
74610.0,1
74620.0,1
74630.0,1
74640.0,1
74650.0,1
74660.0,1
74670.0,1
74680.0,2
74690.0,2
74700.0,2
74710.0,2
74720.0,2
74730.0,2
74740.0,2
74750.0,2
74760.0,2
74770.0,2
74780.0,2
74790.0,2
74800.0,2
74810.0,2
74820.0,2
74830.0,2
74840.0,2
74850.0,2
74860.0,2
74870.0,2
74880.0,2
74890.0,2
74900.0,2
74910.0,3
74920.0,3
74930.0,3
74940.0,3
74950.0,3
74960.0,2
74970.0,2
74980.0,2
74990.0,2
75000.0,2
75010.0,2
75020.0,2
75030.0,2
75040.0,2
75050.0,2
75060.0,2
75070.0,3
75080.0,3
75090.0,3
75100.0,3
75110.0,2
75120.0,2
75130.0,2
75140.0,2
75150.0,2
75160.0,1
75170.0,2
75180.0,2
75190.0,2
75200.0,1
75210.0,2
75220.0,2
75230.0,2
75240.0,1
75250.0,1
75260.0,1
75270.0,1
75280.0,1
75290.0,1
75300.0,1
75310.0,2
75320.0,1
75330.0,1
75340.0,1
75350.0,1
75360.0,1
75370.0,1
75380.0,1
75390.0,1
75400.0,1
75410.0,1
75420.0,1
75430.0,1
75440.0,1
75450.0,1
75460.0,1
75470.0,1
75480.0,1
75490.0,1
75500.0,1
75510.0,1
75520.0,1
75530.0,2
75540.0,2
75550.0,2
75560.0,2
75570.0,2
75580.0,2
75590.0,2
75600.0,2
75610.0,2
75620.0,2
75630.0,2
75640.0,2
75650.0,2
75660.0,2
75670.0,2
75680.0,2
75690.0,2
75700.0,3
75710.0,3
75720.0,3
75730.0,3
75740.0,3
75750.0,3
75760.0,3
75770.0,3
75780.0,3
75790.0,3
75800.0,3
75810.0,3
75820.0,3
75830.0,3
75840.0,3
75850.0,3
75860.0,3
75870.0,3
75880.0,3
75890.0,3
75900.0,3
75910.0,3
75920.0,3
75930.0,3
75940.0,3
75950.0,3
75960.0,4
75970.0,4
75980.0,4
75990.0,4
76000.0,4
76010.0,4
76020.0,4
76030.0,4
76040.0,4
76050.0,4
76060.0,4
76070.0,4
76080.0,4
76090.0,4
76100.0,4
76110.0,4
76120.0,4
76130.0,4
76140.0,5
76150.0,5
76160.0,5
76170.0,5
76180.0,5
76190.0,5
76200.0,5
76210.0,5
76220.0,5
76230.0,5
76240.0,5
76250.0,5
76260.0,5
76270.0,5
76280.0,5
76290.0,5
76300.0,5
76310.0,5
76320.0,5
76330.0,5
76340.0,5
76350.0,5
76360.0,5
76370.0,5
76380.0,5
76390.0,5
76400.0,5
76410.0,5
76420.0,5
76430.0,5
76440.0,5
76450.0,5
76460.0,5
76470.0,5
76480.0,5
76490.0,5
76500.0,5
76510.0,5
76520.0,5
76530.0,5
76540.0,5
76550.0,5
76560.0,5
76570.0,5
76580.0,5
76590.0,5
76600.0,5
76610.0,5
76620.0,5
76630.0,5
76640.0,5
76650.0,5
76660.0,5
76670.0,5
76680.0,5
76690.0,5
76700.0,5
76710.0,5
76720.0,5
76730.0,5
76740.0,5
76750.0,5
76760.0,5
76770.0,5
76780.0,5
76790.0,5
76800.0,5
76810.0,5
76820.0,5
76830.0,5
76840.0,5
76850.0,5
76860.0,5
76870.0,5
76880.0,5
76890.0,5
76900.0,5
76910.0,5
76920.0,5
76930.0,5
76940.0,5
76950.0,5
76960.0,5
76970.0,5
76980.0,5
76990.0,5
77000.0,5
77010.0,5
77020.0,5
77030.0,5
77040.0,5
77050.0,5
77060.0,5
77070.0,5
77080.0,5
77090.0,5
77100.0,5
77110.0,5
77120.0,5
77130.0,5
77140.0,5
77150.0,5
77160.0,6
77170.0,6
77180.0,6
77190.0,6
77200.0,6
77210.0,6
77220.0,6
77230.0,6
77240.0,6
77250.0,6
77260.0,6
77270.0,5
77280.0,5
77290.0,5
77300.0,5
77310.0,4
77320.0,4
77330.0,4
77340.0,5
77350.0,5
77360.0,6
77370.0,6
77380.0,6
77390.0,6
77400.0,7
77410.0,6
77420.0,6
77430.0,6
77440.0,6
77450.0,6
77460.0,6
77470.0,6
77480.0,6
77490.0,6
77500.0,6
77510.0,6
77520.0,6
77530.0,6
77540.0,6
77550.0,6
77560.0,6
77570.0,6
77580.0,6
77590.0,6
77600.0,6
77610.0,6
77620.0,6
77630.0,6
77640.0,6
77650.0,6
77660.0,6
77670.0,6
77680.0,6
77690.0,6
77700.0,6
77710.0,6
77720.0,6
77730.0,6
77740.0,6
77750.0,6
77760.0,6
77770.0,6
77780.0,6
77790.0,6
77800.0,6
77810.0,6
77820.0,6
77830.0,6
77840.0,6
77850.0,6
77860.0,6
77870.0,6
77880.0,7
77890.0,7
77900.0,7
77910.0,7
77920.0,7
77930.0,7
77940.0,7
77950.0,7
77960.0,7
77970.0,7
77980.0,7
77990.0,7
78000.0,7
78010.0,7
78020.0,7
78030.0,7
78040.0,7
78050.0,7
78060.0,7
78070.0,7
78080.0,7
78090.0,7
78100.0,7
78110.0,7
78120.0,7
78130.0,7
78140.0,7
78150.0,7
78160.0,7
78170.0,7
78180.0,7
78190.0,7
78200.0,7
78210.0,8
78220.0,8
78230.0,8
78240.0,8
78250.0,8
78260.0,8
78270.0,8
78280.0,8
78290.0,8
78300.0,8
78310.0,8
78320.0,8
78330.0,8
78340.0,8
78350.0,8
78360.0,8
78370.0,8
78380.0,9
78390.0,9
78400.0,10
78410.0,10
78420.0,10
78430.0,10
78440.0,10
78450.0,10
78460.0,10
78470.0,10
78480.0,10
78490.0,10
78500.0,10
78510.0,10
78520.0,10
78530.0,10
78540.0,10
78550.0,10
78560.0,10
78570.0,10
78580.0,10
78590.0,10
78600.0,10
78610.0,10
78620.0,11
78630.0,11
78640.0,11
78650.0,9
78660.0,9
78670.0,9
78680.0,9
78690.0,10
78700.0,10
78710.0,8
78720.0,8
78730.0,10
78740.0,8
78750.0,8
78760.0,8
78770.0,8
78780.0,8
78790.0,8
78800.0,8
78810.0,8
78820.0,8
78830.0,8
78840.0,8
78850.0,8
78860.0,8
78870.0,8
78880.0,8
78890.0,8
78900.0,8
78910.0,8
78920.0,8
78930.0,8
78940.0,8
78950.0,8
78960.0,8
78970.0,8
78980.0,8
78990.0,8
79000.0,8
79010.0,8
79020.0,8
79030.0,8
79040.0,8
79050.0,8
79060.0,8
79070.0,8
79080.0,8
79090.0,8
79100.0,8
79110.0,8
79120.0,8
79130.0,8
79140.0,8
79150.0,8
79160.0,8
79170.0,8
79180.0,9
79190.0,9
79200.0,9
79210.0,9
79220.0,9
79230.0,9
79240.0,9
79250.0,9
79260.0,8
79270.0,9
79280.0,9
79290.0,8
79300.0,8
79310.0,8
79320.0,8
79330.0,8
79340.0,8
79350.0,6
79360.0,4
79370.0,4
79380.0,4
79390.0,4
79400.0,4
79410.0,4
79420.0,4
79430.0,4
79440.0,4
79450.0,4
79460.0,4
79470.0,5
79480.0,5
79490.0,5
79500.0,5
79510.0,5
79520.0,5
79530.0,5
79540.0,4
79550.0,4
79560.0,4
79570.0,4
79580.0,3
79590.0,3
79600.0,3
79610.0,3
79620.0,3
79630.0,3
79640.0,3
79650.0,3
79660.0,3
79670.0,3
79680.0,3
79690.0,3
79700.0,3
79710.0,3
79720.0,3
79730.0,3
79740.0,3
79750.0,3
79760.0,3
79770.0,3
79780.0,3
79790.0,3
79800.0,3
79810.0,3
79820.0,3
79830.0,4
79840.0,4
79850.0,2
79860.0,2
79870.0,2
79880.0,2
79890.0,2
79900.0,2
79910.0,2
79920.0,1
79930.0,1
79940.0,1
79950.0,1
79960.0,1
79970.0,1
79980.0,1
79990.0,1
80000.0,2
80010.0,2
80020.0,1
80030.0,1
80040.0,1
80050.0,1
80060.0,1
80070.0,1
80080.0,1
80090.0,1
80100.0,2
80110.0,2
80120.0,2
80130.0,2
80140.0,2
80150.0,2
80160.0,2
80170.0,2
80180.0,2
80190.0,2
80200.0,2
80210.0,2
80220.0,2
80230.0,3
80240.0,3
80250.0,3
80260.0,3
80270.0,3
80280.0,3
80290.0,3
80300.0,3
80310.0,3
80320.0,3
80330.0,3
80340.0,3
80350.0,3
80360.0,3
80370.0,3
80380.0,3
80390.0,3
80400.0,3
80410.0,3
80420.0,3
80430.0,3
80440.0,3
80450.0,4
80460.0,4
80470.0,4
80480.0,4
80490.0,4
80500.0,4
80510.0,4
80520.0,4
80530.0,4
80540.0,4
80550.0,2
80560.0,2
80570.0,3
80580.0,3
80590.0,3
80600.0,3
80610.0,3
80620.0,3
80630.0,3
80640.0,3
80650.0,3
80660.0,3
80670.0,3
80680.0,3
80690.0,3
80700.0,3
80710.0,3
80720.0,3
80730.0,3
80740.0,2
80750.0,3
80760.0,3
80770.0,3
80780.0,2
80790.0,2
80800.0,2
80810.0,2
80820.0,2
80830.0,2
80840.0,2
80850.0,2
80860.0,2
80870.0,2
80880.0,2
80890.0,2
80900.0,2
80910.0,2
80920.0,2
80930.0,2
80940.0,3
80950.0,3
80960.0,2
80970.0,2
80980.0,2
80990.0,2
81000.0,1
81010.0,0
81020.0,0
81030.0,0
81040.0,0
81050.0,0
81060.0,0
81070.0,0
81080.0,0
81090.0,0
81100.0,0
81110.0,0
81120.0,0
81130.0,0
81140.0,0
81150.0,0
81160.0,0
81170.0,0
81180.0,0
81190.0,0
81200.0,0
81210.0,0
81220.0,1
81230.0,1
81240.0,1
81250.0,1
81260.0,1
81270.0,1
81280.0,1
81290.0,1
81300.0,1
81310.0,1
81320.0,1
81330.0,1
81340.0,1
81350.0,1
81360.0,1
81370.0,1
81380.0,1
81390.0,1
81400.0,1
81410.0,1
81420.0,1
81430.0,1
81440.0,1
81450.0,1
81460.0,1
81470.0,1
81480.0,1
81490.0,1
81500.0,1
81510.0,1
81520.0,1
81530.0,1
81540.0,1
81550.0,1
81560.0,1
81570.0,2
81580.0,2
81590.0,2
81600.0,2
81610.0,2
81620.0,2
81630.0,2
81640.0,2
81650.0,2
81660.0,2
81670.0,2
81680.0,2
81690.0,2
81700.0,2
81710.0,2
81720.0,2
81730.0,2
81740.0,2
81750.0,2
81760.0,2
81770.0,2
81780.0,2
81790.0,2
81800.0,2
81810.0,3
81820.0,3
81830.0,3
81840.0,3
81850.0,3
81860.0,3
81870.0,3
81880.0,3
81890.0,3
81900.0,3
81910.0,3
81920.0,3
81930.0,3
81940.0,3
81950.0,4
81960.0,4
81970.0,4
81980.0,4
81990.0,4
82000.0,3
82010.0,4
82020.0,3
82030.0,3
82040.0,3
82050.0,3
82060.0,3
82070.0,3
82080.0,3
82090.0,3
82100.0,3
82110.0,3
82120.0,3
82130.0,3
82140.0,3
82150.0,3
82160.0,3
82170.0,3
82180.0,3
82190.0,3
82200.0,3
82210.0,3
82220.0,3
82230.0,3
82240.0,3
82250.0,4
82260.0,5
82270.0,5
82280.0,5
82290.0,5
82300.0,4
82310.0,4
82320.0,3
82330.0,3
82340.0,3
82350.0,2
82360.0,3
82370.0,3
82380.0,3
82390.0,3
82400.0,3
82410.0,3
82420.0,3
82430.0,3
82440.0,3
82450.0,3
82460.0,3
82470.0,3
82480.0,3
82490.0,3
82500.0,4
82510.0,4
82520.0,4
82530.0,4
82540.0,4
82550.0,4
82560.0,4
82570.0,4
82580.0,4
82590.0,4
82600.0,4
82610.0,4
82620.0,4
82630.0,4
82640.0,4
82650.0,4
82660.0,4
82670.0,4
82680.0,4
82690.0,4
82700.0,4
82710.0,4
82720.0,4
82730.0,4
82740.0,4
82750.0,4
82760.0,3
82770.0,3
82780.0,3
82790.0,3
82800.0,3
82810.0,3
82820.0,3
82830.0,3
82840.0,3
82850.0,3
82860.0,3
82870.0,3
82880.0,3
82890.0,3
82900.0,3
82910.0,3
82920.0,3
82930.0,3
82940.0,3
82950.0,3
82960.0,4
82970.0,4
82980.0,4
82990.0,4
83000.0,4
83010.0,4
83020.0,4
83030.0,4
83040.0,4
83050.0,5
83060.0,5
83070.0,4
83080.0,3
83090.0,3
83100.0,3
83110.0,3
83120.0,3
83130.0,2
83140.0,2
83150.0,2
83160.0,2
83170.0,2
83180.0,2
83190.0,2
83200.0,2
83210.0,2
83220.0,3
83230.0,3
83240.0,3
83250.0,3
83260.0,4
83270.0,4
83280.0,4
83290.0,4
83300.0,4
83310.0,4
83320.0,4
83330.0,4
83340.0,4
83350.0,4
83360.0,4
83370.0,4
83380.0,4
83390.0,4
83400.0,4
83410.0,4
83420.0,4
83430.0,4
83440.0,4
83450.0,4
83460.0,4
83470.0,4
83480.0,4
83490.0,4
83500.0,4
83510.0,6
83520.0,6
83530.0,6
83540.0,6
83550.0,6
83560.0,6
83570.0,6
83580.0,6
83590.0,6
83600.0,6
83610.0,6
83620.0,6
83630.0,6
83640.0,6
83650.0,7
83660.0,7
83670.0,7
83680.0,7
83690.0,7
83700.0,8
83710.0,8
83720.0,8
83730.0,7
83740.0,7
83750.0,7
83760.0,7
83770.0,7
83780.0,7
83790.0,7
83800.0,7
83810.0,7
83820.0,7
83830.0,7
83840.0,7
83850.0,7
83860.0,7
83870.0,7
83880.0,7
83890.0,7
83900.0,7
83910.0,7
83920.0,7
83930.0,7
83940.0,7
83950.0,7
83960.0,7
83970.0,7
83980.0,7
83990.0,7
84000.0,7
84010.0,7
84020.0,8
84030.0,8
84040.0,8
84050.0,7
84060.0,7
84070.0,7
84080.0,7
84090.0,7
84100.0,7
84110.0,7
84120.0,7
84130.0,7
84140.0,7
84150.0,7
84160.0,6
84170.0,7
84180.0,7
84190.0,7
84200.0,7
84210.0,7
84220.0,7
84230.0,7
84240.0,7
84250.0,7
84260.0,7
84270.0,7
84280.0,7
84290.0,7
84300.0,7
84310.0,6
84320.0,6
84330.0,2
84340.0,6
84350.0,6
84360.0,6
84370.0,2
84380.0,2
84390.0,2
84400.0,2
84410.0,6
84420.0,6
84430.0,6
84440.0,6
84450.0,6
84460.0,6
84470.0,6
84480.0,6
84490.0,6
84500.0,6
84510.0,6
84520.0,2
84530.0,6
84540.0,6
84550.0,6
84560.0,6
84570.0,6
84580.0,2
84590.0,6
84600.0,6
84610.0,7
84620.0,7
84630.0,7
84640.0,7
84650.0,7
84660.0,2
84670.0,1
84680.0,1
84690.0,1
84700.0,1
84710.0,1
84720.0,1
84730.0,1
84740.0,1
84750.0,1
84760.0,2
84770.0,2
84780.0,2
84790.0,1
84800.0,1
84810.0,1
84820.0,2
84830.0,2
84840.0,2
84850.0,2
84860.0,2
84870.0,2
84880.0,2
84890.0,2
84900.0,2
84910.0,2
84920.0,2
84930.0,2
84940.0,2
84950.0,2
84960.0,2
84970.0,2
84980.0,2
84990.0,2
85000.0,2
85010.0,2
85020.0,2
85030.0,2
85040.0,2
85050.0,2
85060.0,2
85070.0,2
85080.0,2
85090.0,2
85100.0,2
85110.0,2
85120.0,2
85130.0,2
85140.0,2
85150.0,2
85160.0,2
85170.0,2
85180.0,2
85190.0,2
85200.0,2
85210.0,2
85220.0,2
85230.0,2
85240.0,2
85250.0,2
85260.0,2
85270.0,2
85280.0,2
85290.0,2
85300.0,2
85310.0,2
85320.0,2
85330.0,2
85340.0,2
85350.0,2
85360.0,2
85370.0,2
85380.0,2
85390.0,2
85400.0,2
85410.0,2
85420.0,2
85430.0,2
85440.0,2
85450.0,3
85460.0,3
85470.0,3
85480.0,3
85490.0,3
85500.0,3
85510.0,3
85520.0,3
85530.0,3
85540.0,3
85550.0,3
85560.0,3
85570.0,3
85580.0,3
85590.0,3
85600.0,3
85610.0,3
85620.0,4
85630.0,4
85640.0,4
85650.0,4
85660.0,4
85670.0,4
85680.0,4
85690.0,4
85700.0,4
85710.0,4
85720.0,4
85730.0,4
85740.0,4
85750.0,4
85760.0,4
85770.0,4
85780.0,4
85790.0,4
85800.0,4
85810.0,4
85820.0,4
85830.0,4
85840.0,4
85850.0,4
85860.0,4
85870.0,4
85880.0,4
85890.0,4
85900.0,4
85910.0,4
85920.0,4
85930.0,4
85940.0,4
85950.0,4
85960.0,4
85970.0,4
85980.0,4
85990.0,4
86000.0,4
86010.0,4
86020.0,4
86030.0,4
86040.0,4
86050.0,4
86060.0,4
86070.0,4
86080.0,4
86090.0,4
86100.0,4
86110.0,4
86120.0,4
86130.0,4
86140.0,4
86150.0,4
86160.0,4
86170.0,4
86180.0,4
86190.0,4
86200.0,4
86210.0,4
86220.0,4
86230.0,4
86240.0,4
86250.0,4
86260.0,4
86270.0,4
86280.0,4
86290.0,4
86300.0,5
86310.0,5
86320.0,5
86330.0,5
86340.0,5
86350.0,5
86360.0,5
86370.0,5
86380.0,5
86390.0,5
86400.0,5
86410.0,5
86420.0,5
86430.0,5
86440.0,5
86450.0,5
86460.0,5
86470.0,5
86480.0,5
86490.0,5
86500.0,5
86510.0,5
86520.0,6
86530.0,6
86540.0,7
86550.0,7
86560.0,7
86570.0,6
86580.0,6
86590.0,6
86600.0,6
86610.0,5
86620.0,4
86630.0,4
86640.0,4
86650.0,4
86660.0,4
86670.0,4
86680.0,4
86690.0,3
86700.0,3
86710.0,3
86720.0,3
86730.0,3
86740.0,3
86750.0,3
86760.0,3
86770.0,3
86780.0,3
86790.0,3
86800.0,3
86810.0,3
86820.0,3
86830.0,3
86840.0,3
86850.0,3
86860.0,3
86870.0,3
86880.0,3
86890.0,3
86900.0,3
86910.0,3
86920.0,3
86930.0,3
86940.0,3
86950.0,3
86960.0,3
86970.0,3
86980.0,3
86990.0,3
87000.0,3
87010.0,3
87020.0,3
87030.0,3
87040.0,3
87050.0,3
87060.0,3
87070.0,3
87080.0,3
87090.0,3
87100.0,3
87110.0,3
87120.0,3
87130.0,3
87140.0,3
87150.0,3
87160.0,4
87170.0,4
87180.0,4
87190.0,5
87200.0,5
87210.0,5
87220.0,5
87230.0,5
87240.0,5
87250.0,5
87260.0,5
87270.0,5
87280.0,5
87290.0,5
87300.0,5
87310.0,5
87320.0,5
87330.0,5
87340.0,5
87350.0,5
87360.0,5
87370.0,5
87380.0,5
87390.0,5
87400.0,5
87410.0,5
87420.0,5
87430.0,5
87440.0,5
87450.0,5
87460.0,5
87470.0,5
87480.0,5
87490.0,5
87500.0,5
87510.0,5
87520.0,5
87530.0,5
87540.0,5
87550.0,5
87560.0,5
87570.0,5
87580.0,5
87590.0,5
87600.0,5
87610.0,5
87620.0,5
87630.0,5
87640.0,5
87650.0,5
87660.0,5
87670.0,5
87680.0,5
87690.0,5
87700.0,5
87710.0,5
87720.0,5
87730.0,5
87740.0,6
87750.0,6
87760.0,6
87770.0,5
87780.0,5
87790.0,5
87800.0,5
87810.0,5
87820.0,5
87830.0,5
87840.0,6
87850.0,6
87860.0,6
87870.0,6
87880.0,6
87890.0,7
87900.0,7
87910.0,7
87920.0,8
87930.0,9
87940.0,8
87950.0,8
87960.0,8
87970.0,8
87980.0,7
87990.0,7
88000.0,7
88010.0,7
88020.0,7
88030.0,7
88040.0,7
88050.0,7
88060.0,7
88070.0,7
88080.0,7
88090.0,7
88100.0,7
88110.0,7
88120.0,7
88130.0,7
88140.0,7
88150.0,7
88160.0,7
88170.0,7
88180.0,7
88190.0,7
88200.0,7
88210.0,7
88220.0,7
88230.0,7
88240.0,7
88250.0,7
88260.0,7
88270.0,8
88280.0,8
88290.0,8
88300.0,8
88310.0,8
88320.0,8
88330.0,8
88340.0,8
88350.0,8
88360.0,8
88370.0,8
88380.0,8
88390.0,8
88400.0,8
88410.0,8
88420.0,8
88430.0,8
88440.0,8
88450.0,8
88460.0,8
88470.0,8
88480.0,8
88490.0,9
88500.0,9
88510.0,9
88520.0,9
88530.0,9
88540.0,9
88550.0,9
88560.0,9
88570.0,9
88580.0,9
88590.0,9
88600.0,9
88610.0,9
88620.0,9
88630.0,9
88640.0,9
88650.0,9
88660.0,9
88670.0,9
88680.0,9
88690.0,9
88700.0,9
88710.0,9
88720.0,9
88730.0,9
88740.0,10
88750.0,10
88760.0,10
88770.0,10
88780.0,10
88790.0,10
88800.0,10
88810.0,10
88820.0,10
88830.0,10
88840.0,10
88850.0,10
88860.0,10
88870.0,10
88880.0,10
88890.0,10
88900.0,10
88910.0,10
88920.0,10
88930.0,10
88940.0,10
88950.0,10
88960.0,10
88970.0,10
88980.0,10
88990.0,10
89000.0,10
89010.0,10
89020.0,10
89030.0,10
89040.0,10
89050.0,10
89060.0,9
89070.0,9
89080.0,10
89090.0,10
89100.0,11
89110.0,10
89120.0,10
89130.0,10
89140.0,10
89150.0,10
89160.0,10
89170.0,10
89180.0,10
89190.0,10
89200.0,10
89210.0,10
89220.0,10
89230.0,10
89240.0,10
89250.0,10
89260.0,10
89270.0,10
89280.0,10
89290.0,10
89300.0,10
89310.0,10
89320.0,10
89330.0,10
89340.0,10
89350.0,10
89360.0,10
89370.0,10
89380.0,10
89390.0,10
89400.0,10
89410.0,10
89420.0,11
89430.0,11
89440.0,11
89450.0,11
89460.0,11
89470.0,11
89480.0,11
89490.0,11
89500.0,10
89510.0,5
89520.0,6
89530.0,6
89540.0,6
89550.0,6
89560.0,3
89570.0,5
89580.0,1
89590.0,1
89600.0,1
89610.0,1
89620.0,1
89630.0,2
89640.0,2
89650.0,2
89660.0,2
89670.0,2
89680.0,2
89690.0,2
89700.0,2
89710.0,7
89720.0,8
89730.0,8
89740.0,8
89750.0,8
89760.0,8
89770.0,8
89780.0,8
89790.0,8
89800.0,8
89810.0,8
89820.0,8
89830.0,8
89840.0,8
89850.0,8
89860.0,8
89870.0,8
89880.0,8
89890.0,8
89900.0,8
89910.0,8
89920.0,8
89930.0,8
89940.0,8
89950.0,8
89960.0,8
89970.0,8
89980.0,8
89990.0,8
90000.0,8
90010.0,8
90020.0,8
90030.0,8
90040.0,8
90050.0,8
90060.0,8
90070.0,8
90080.0,8
90090.0,8
90100.0,8
90110.0,8
90120.0,8
90130.0,8
90140.0,8
90150.0,8
90160.0,9
90170.0,9
90180.0,9
90190.0,9
90200.0,9
90210.0,9
90220.0,9
90230.0,9
90240.0,9
90250.0,9
90260.0,9
90270.0,9
90280.0,9
90290.0,9
90300.0,9
90310.0,9
90320.0,9
90330.0,9
90340.0,9
90350.0,9
90360.0,9
90370.0,9
90380.0,9
90390.0,10
90400.0,10
90410.0,10
90420.0,10
90430.0,10
90440.0,10
90450.0,10
90460.0,10
90470.0,10
90480.0,10
90490.0,10
90500.0,10
90510.0,10
90520.0,10
90530.0,10
90540.0,10
90550.0,10
90560.0,10
90570.0,10
90580.0,10
90590.0,10
90600.0,10
90610.0,10
90620.0,10
90630.0,11
90640.0,10
90650.0,10
90660.0,2
90670.0,1
90680.0,1
90690.0,1
90700.0,1
90710.0,1
90720.0,1
90730.0,1
90740.0,1
90750.0,1
90760.0,1
90770.0,2
90780.0,2
90790.0,2
90800.0,2
90810.0,2
90820.0,2
90830.0,2
90840.0,2
90850.0,2
90860.0,2
90870.0,2
90880.0,2
90890.0,2
90900.0,2
90910.0,2
90920.0,2
90930.0,2
90940.0,2
90950.0,2
90960.0,2
90970.0,2
90980.0,2
90990.0,2
91000.0,2
91010.0,2
91020.0,2
91030.0,3
91040.0,3
91050.0,3
91060.0,3
91070.0,3
91080.0,3
91090.0,3
91100.0,3
91110.0,3
91120.0,3
91130.0,3
91140.0,3
91150.0,3
91160.0,3
91170.0,3
91180.0,3
91190.0,3
91200.0,3
91210.0,3
91220.0,3
91230.0,3
91240.0,3
91250.0,3
91260.0,3
91270.0,3
91280.0,3
91290.0,3
91300.0,3
91310.0,3
91320.0,3
91330.0,3
91340.0,3
91350.0,3
91360.0,3
91370.0,3
91380.0,3
91390.0,3
91400.0,3
91410.0,4
91420.0,4
91430.0,4
91440.0,4
91450.0,4
91460.0,4
91470.0,4
91480.0,4
91490.0,4
91500.0,4
91510.0,4
91520.0,4
91530.0,4
91540.0,4
91550.0,4
91560.0,4
91570.0,4
91580.0,4
91590.0,4
91600.0,4
91610.0,4
91620.0,4
91630.0,4
91640.0,4
91650.0,4
91660.0,4
91670.0,4
91680.0,4
91690.0,4
91700.0,4
91710.0,5
91720.0,5
91730.0,5
91740.0,5
91750.0,5
91760.0,5
91770.0,5
91780.0,3
91790.0,4
91800.0,4
91810.0,4
91820.0,4
91830.0,4
91840.0,4
91850.0,4
91860.0,4
91870.0,4
91880.0,4
91890.0,4
91900.0,4
91910.0,4
91920.0,4
91930.0,4
91940.0,4
91950.0,4
91960.0,4
91970.0,5
91980.0,5
91990.0,5
92000.0,4
92010.0,4
92020.0,3
92030.0,3
92040.0,3
92050.0,2
92060.0,2
92070.0,2
92080.0,2
92090.0,2
92100.0,1
92110.0,2
92120.0,2
92130.0,2
92140.0,2
92150.0,2
92160.0,2
92170.0,3
92180.0,3
92190.0,3
92200.0,3
92210.0,3
92220.0,2
92230.0,2
92240.0,1
92250.0,1
92260.0,1
92270.0,1
92280.0,1
92290.0,1
92300.0,1
92310.0,2
92320.0,2
92330.0,2
92340.0,2
92350.0,2
92360.0,2
92370.0,2
92380.0,2
92390.0,2
92400.0,2
92410.0,3
92420.0,3
92430.0,3
92440.0,3
92450.0,3
92460.0,3
92470.0,4
92480.0,5
92490.0,5
92500.0,5
92510.0,5
92520.0,5
92530.0,5
92540.0,5
92550.0,5
92560.0,5
92570.0,5
92580.0,5
92590.0,5
92600.0,5
92610.0,5
92620.0,5
92630.0,5
92640.0,5
92650.0,5
92660.0,5
92670.0,5
92680.0,5
92690.0,5
92700.0,5
92710.0,5
92720.0,5
92730.0,5
92740.0,5
92750.0,5
92760.0,5
92770.0,5
92780.0,5
92790.0,5
92800.0,5
92810.0,5
92820.0,5
92830.0,5
92840.0,5
92850.0,5
92860.0,5
92870.0,5
92880.0,5
92890.0,5
92900.0,5
92910.0,6
92920.0,6
92930.0,6
92940.0,6
92950.0,6
92960.0,6
92970.0,9
92980.0,10
92990.0,10
93000.0,10
93010.0,10
93020.0,10
93030.0,10
93040.0,10
93050.0,10
93060.0,10
93070.0,10
93080.0,10
93090.0,10
93100.0,10
93110.0,10
93120.0,10
93130.0,10
93140.0,10
93150.0,10
93160.0,10
93170.0,10
93180.0,10
93190.0,10
93200.0,10
93210.0,10
93220.0,10
93230.0,10
93240.0,10
93250.0,10
93260.0,10
93270.0,10
93280.0,10
93290.0,10
93300.0,11
93310.0,11
93320.0,11
93330.0,11
93340.0,11
93350.0,11
93360.0,11
93370.0,11
93380.0,11
93390.0,12
93400.0,12
93410.0,12
93420.0,12
93430.0,12
93440.0,12
93450.0,13
93460.0,13
93470.0,13
93480.0,13
93490.0,13
93500.0,13
93510.0,11
93520.0,11
93530.0,11
93540.0,8
93550.0,8
93560.0,7
93570.0,7
93580.0,7
93590.0,7
93600.0,5
93610.0,5
93620.0,5
93630.0,5
93640.0,5
93650.0,5
93660.0,5
93670.0,5
93680.0,5
93690.0,5
93700.0,5
93710.0,5
93720.0,5
93730.0,6
93740.0,6
93750.0,6
93760.0,6
93770.0,6
93780.0,6
93790.0,6
93800.0,6
93810.0,6
93820.0,6
93830.0,6
93840.0,6
93850.0,6
93860.0,6
93870.0,6
93880.0,6
93890.0,6
93900.0,6
93910.0,6
93920.0,6
93930.0,6
93940.0,6
93950.0,6
93960.0,6
93970.0,7
93980.0,7
93990.0,7
94000.0,3
94010.0,0
94020.0,0
94030.0,0
94040.0,0
94050.0,0
94060.0,0
94070.0,0
94080.0,0
94090.0,0
94100.0,0
94110.0,0
94120.0,0
94130.0,0
94140.0,0
94150.0,0
94160.0,1
94170.0,1
94180.0,1
94190.0,1
94200.0,1
94210.0,1
94220.0,1
94230.0,1
94240.0,1
94250.0,1
94260.0,1
94270.0,1
94280.0,1
94290.0,1
94300.0,1
94310.0,1
94320.0,1
94330.0,1
94340.0,1
94350.0,1
94360.0,1
94370.0,1
94380.0,1
94390.0,1
94400.0,1
94410.0,1
94420.0,1
94430.0,1
94440.0,2
94450.0,2
94460.0,2
94470.0,2
94480.0,2
94490.0,2
94500.0,2
94510.0,2
94520.0,2
94530.0,2
94540.0,2
94550.0,2
94560.0,2
94570.0,2
94580.0,2
94590.0,2
94600.0,2
94610.0,2
94620.0,2
94630.0,2
94640.0,2
94650.0,2
94660.0,2
94670.0,2
94680.0,2
94690.0,2
94700.0,2
94710.0,2
94720.0,2
94730.0,2
94740.0,2
94750.0,2
94760.0,2
94770.0,2
94780.0,2
94790.0,2
94800.0,2
94810.0,2
94820.0,2
94830.0,2
94840.0,2
94850.0,2
94860.0,2
94870.0,2
94880.0,2
94890.0,2
94900.0,2
94910.0,2
94920.0,2
94930.0,2
94940.0,2
94950.0,2
94960.0,2
94970.0,3
94980.0,3
94990.0,3
95000.0,2
95010.0,2
95020.0,2
95030.0,3
95040.0,3
95050.0,3
95060.0,3
95070.0,3
95080.0,3
95090.0,3
95100.0,3
95110.0,3
95120.0,3
95130.0,3
95140.0,3
95150.0,3
95160.0,3
95170.0,3
95180.0,3
95190.0,3
95200.0,3
95210.0,3
95220.0,3
95230.0,3
95240.0,4
95250.0,4
95260.0,4
95270.0,2
95280.0,2
95290.0,2
95300.0,2
95310.0,3
95320.0,2
95330.0,2
95340.0,2
95350.0,1
95360.0,1
95370.0,1
95380.0,1
95390.0,1
95400.0,1
95410.0,1
95420.0,1
95430.0,1
95440.0,1
95450.0,1
95460.0,1
95470.0,1
95480.0,1
95490.0,1
95500.0,1
95510.0,1
95520.0,1
95530.0,1
95540.0,1
95550.0,1
95560.0,1
95570.0,1
95580.0,1
95590.0,1
95600.0,1
95610.0,1
95620.0,1
95630.0,1
95640.0,1
95650.0,1
95660.0,2
95670.0,2
95680.0,2
95690.0,2
95700.0,2
95710.0,2
95720.0,2
95730.0,2
95740.0,2
95750.0,3
95760.0,3
95770.0,3
95780.0,3
95790.0,3
95800.0,3
95810.0,3
95820.0,3
95830.0,3
95840.0,3
95850.0,3
95860.0,3
95870.0,3
95880.0,3
95890.0,3
95900.0,3
95910.0,3
95920.0,3
95930.0,3
95940.0,3
95950.0,3
95960.0,3
95970.0,3
95980.0,3
95990.0,3
96000.0,3
96010.0,3
96020.0,3
96030.0,3
96040.0,3
96050.0,3
96060.0,3
96070.0,3
96080.0,3
96090.0,3
96100.0,4
96110.0,4
96120.0,3
96130.0,4
96140.0,4
96150.0,4
96160.0,4
96170.0,4
96180.0,4
96190.0,4
96200.0,4
96210.0,4
96220.0,4
96230.0,4
96240.0,4
96250.0,4
96260.0,4
96270.0,4
96280.0,4
96290.0,4
96300.0,4
96310.0,4
96320.0,4
96330.0,4
96340.0,4
96350.0,4
96360.0,4
96370.0,4
96380.0,4
96390.0,4
96400.0,4
96410.0,4
96420.0,4
96430.0,4
96440.0,4
96450.0,4
96460.0,4
96470.0,4
96480.0,4
96490.0,4
96500.0,4
96510.0,4
96520.0,4
96530.0,4
96540.0,4
96550.0,4
96560.0,4
96570.0,4
96580.0,4
96590.0,4
96600.0,5
96610.0,5
96620.0,5
96630.0,5
96640.0,5
96650.0,5
96660.0,5
96670.0,5
96680.0,5
96690.0,5
96700.0,5
96710.0,5
96720.0,5
96730.0,5
96740.0,5
96750.0,5
96760.0,4
96770.0,5
96780.0,5
96790.0,5
96800.0,4
96810.0,4
96820.0,4
96830.0,4
96840.0,4
96850.0,4
96860.0,4
96870.0,4
96880.0,4
96890.0,4
96900.0,4
96910.0,5
96920.0,5
96930.0,5
96940.0,5
96950.0,5
96960.0,5
96970.0,5
96980.0,5
96990.0,5
97000.0,5
97010.0,5
97020.0,4
97030.0,4
97040.0,4
97050.0,4
97060.0,4
97070.0,4
97080.0,4
97090.0,4
97100.0,4
97110.0,4
97120.0,4
97130.0,4
97140.0,5
97150.0,5
97160.0,5
97170.0,5
97180.0,5
97190.0,4
97200.0,4
97210.0,4
97220.0,4
97230.0,5
97240.0,5
97250.0,4
97260.0,4
97270.0,4
97280.0,5
97290.0,5
97300.0,5
97310.0,5
97320.0,5
97330.0,5
97340.0,5
97350.0,5
97360.0,5
97370.0,5
97380.0,5
97390.0,5
97400.0,5
97410.0,5
97420.0,4
97430.0,4
97440.0,4
97450.0,4
97460.0,4
97470.0,4
97480.0,4
97490.0,4
97500.0,4
97510.0,4
97520.0,4
97530.0,4
97540.0,5
97550.0,5
97560.0,5
97570.0,5
97580.0,5
97590.0,5
97600.0,5
97610.0,5
97620.0,5
97630.0,5
97640.0,5
97650.0,5
97660.0,4
97670.0,4
97680.0,4
97690.0,4
97700.0,4
97710.0,4
97720.0,4
97730.0,4
97740.0,4
97750.0,4
97760.0,4
97770.0,4
97780.0,4
97790.0,4
97800.0,5
97810.0,5
97820.0,5
97830.0,5
97840.0,5
97850.0,5
97860.0,5
97870.0,4
97880.0,4
97890.0,4
97900.0,4
97910.0,4
97920.0,4
97930.0,4
97940.0,4
97950.0,4
97960.0,4
97970.0,4
97980.0,4
97990.0,4
98000.0,4
98010.0,5
98020.0,5
98030.0,5
98040.0,5
98050.0,5
98060.0,5
98070.0,5
98080.0,5
98090.0,5
98100.0,5
98110.0,5
98120.0,5
98130.0,5
98140.0,5
98150.0,5
98160.0,5
98170.0,5
98180.0,5
98190.0,5
98200.0,5
98210.0,6
98220.0,5
98230.0,5
98240.0,5
98250.0,5
98260.0,5
98270.0,5
98280.0,5
98290.0,5
98300.0,5
98310.0,5
98320.0,5
98330.0,5
98340.0,5
98350.0,5
98360.0,5
98370.0,5
98380.0,5
98390.0,5
98400.0,4
98410.0,5
98420.0,5
98430.0,5
98440.0,5
98450.0,5
98460.0,5
98470.0,5
98480.0,5
98490.0,5
98500.0,5
98510.0,5
98520.0,5
98530.0,5
98540.0,5
98550.0,5
98560.0,5
98570.0,5
98580.0,5
98590.0,5
98600.0,5
98610.0,5
98620.0,5
98630.0,5
98640.0,5
98650.0,5
98660.0,5
98670.0,5
98680.0,5
98690.0,5
98700.0,5
98710.0,5
98720.0,5
98730.0,5
98740.0,5
98750.0,5
98760.0,5
98770.0,5
98780.0,5
98790.0,5
98800.0,5
98810.0,5
98820.0,5
98830.0,5
98840.0,5
98850.0,5
98860.0,6
98870.0,6
98880.0,6
98890.0,6
98900.0,6
98910.0,6
98920.0,6
98930.0,6
98940.0,6
98950.0,6
98960.0,6
98970.0,6
98980.0,6
98990.0,6
99000.0,6
99010.0,6
99020.0,6
99030.0,6
99040.0,6
99050.0,6
99060.0,6
99070.0,6
99080.0,6
99090.0,6
99100.0,6
99110.0,6
99120.0,6
99130.0,6
99140.0,6
99150.0,6
99160.0,6
99170.0,6
99180.0,6
99190.0,6
99200.0,6
99210.0,6
99220.0,6
99230.0,6
99240.0,6
99250.0,6
99260.0,6
99270.0,6
99280.0,6
99290.0,6
99300.0,6
99310.0,6
99320.0,6
99330.0,6
99340.0,6
99350.0,6
99360.0,6
99370.0,6
99380.0,6
99390.0,6
99400.0,6
99410.0,5
99420.0,6
99430.0,6
99440.0,6
99450.0,6
99460.0,6
99470.0,6
99480.0,6
99490.0,6
99500.0,6
99510.0,6
99520.0,6
99530.0,5
99540.0,5
99550.0,7
99560.0,7
99570.0,7
99580.0,7
99590.0,8
99600.0,8
99610.0,8
99620.0,8
99630.0,8
99640.0,8
99650.0,8
99660.0,8
99670.0,8
99680.0,8
99690.0,8
99700.0,8
99710.0,8
99720.0,8
99730.0,9
99740.0,9
99750.0,9
99760.0,9
99770.0,9
99780.0,9
99790.0,9
99800.0,9
99810.0,9
99820.0,9
99830.0,9
99840.0,9
99850.0,9
99860.0,9
99870.0,9
99880.0,9
99890.0,9
99900.0,9
99910.0,10
99920.0,10
99930.0,10
99940.0,10
99950.0,8
99960.0,8
99970.0,8
99980.0,5
99990.0,1
100000.0,1
